"CASE_ID","Placement","Housing","BasicNeeds","FSC"
28892,TRUE,FALSE,FALSE,FALSE
28994,FALSE,TRUE,TRUE,TRUE
29003,TRUE,TRUE,TRUE,TRUE
29057,TRUE,TRUE,TRUE,FALSE
29128,TRUE,FALSE,TRUE,FALSE
29164,FALSE,FALSE,TRUE,FALSE
29206,FALSE,TRUE,TRUE,TRUE
29350,TRUE,TRUE,TRUE,FALSE
29521,TRUE,TRUE,FALSE,FALSE
29540,TRUE,TRUE,TRUE,TRUE
29578,FALSE,TRUE,TRUE,FALSE
29589,TRUE,FALSE,TRUE,FALSE
29594,TRUE,FALSE,TRUE,TRUE
29646,TRUE,TRUE,TRUE,FALSE
29666,TRUE,FALSE,TRUE,TRUE
29668,TRUE,TRUE,TRUE,TRUE
29671,FALSE,FALSE,TRUE,FALSE
29679,FALSE,FALSE,TRUE,FALSE
29710,TRUE,TRUE,TRUE,TRUE
29734,TRUE,TRUE,TRUE,TRUE
29901,FALSE,TRUE,FALSE,TRUE
29913,FALSE,TRUE,TRUE,FALSE
29935,FALSE,TRUE,TRUE,FALSE
29968,TRUE,TRUE,TRUE,TRUE
29980,FALSE,TRUE,TRUE,FALSE
30096,FALSE,TRUE,FALSE,TRUE
30100,TRUE,TRUE,TRUE,TRUE
30102,FALSE,TRUE,TRUE,FALSE
30151,TRUE,TRUE,TRUE,FALSE
30163,TRUE,TRUE,TRUE,TRUE
30171,FALSE,TRUE,TRUE,FALSE
30249,TRUE,FALSE,TRUE,TRUE
30290,TRUE,FALSE,FALSE,FALSE
30342,TRUE,TRUE,TRUE,FALSE
30346,FALSE,FALSE,TRUE,FALSE
30368,TRUE,TRUE,TRUE,TRUE
30383,FALSE,FALSE,TRUE,FALSE
30442,TRUE,TRUE,FALSE,TRUE
30444,TRUE,TRUE,TRUE,FALSE
30452,TRUE,TRUE,TRUE,TRUE
30495,TRUE,TRUE,TRUE,TRUE
30516,FALSE,TRUE,TRUE,TRUE
30572,TRUE,TRUE,TRUE,FALSE
30643,TRUE,TRUE,TRUE,FALSE
30645,TRUE,TRUE,TRUE,TRUE
30648,TRUE,TRUE,TRUE,TRUE
30670,FALSE,TRUE,TRUE,FALSE
30701,FALSE,TRUE,TRUE,TRUE
30737,TRUE,TRUE,TRUE,FALSE
30743,FALSE,TRUE,TRUE,TRUE
30747,FALSE,TRUE,TRUE,TRUE
30772,FALSE,FALSE,TRUE,FALSE
30779,TRUE,TRUE,TRUE,TRUE
30788,FALSE,FALSE,TRUE,TRUE
30869,TRUE,FALSE,TRUE,FALSE
30901,TRUE,TRUE,TRUE,FALSE
30902,TRUE,TRUE,TRUE,FALSE
30905,FALSE,FALSE,TRUE,FALSE
30943,TRUE,TRUE,TRUE,TRUE
30990,TRUE,TRUE,TRUE,TRUE
31041,FALSE,TRUE,TRUE,TRUE
31052,TRUE,FALSE,FALSE,FALSE
31053,TRUE,FALSE,TRUE,FALSE
31119,TRUE,TRUE,TRUE,TRUE
31188,FALSE,TRUE,TRUE,FALSE
31197,TRUE,TRUE,TRUE,FALSE
31209,FALSE,TRUE,TRUE,TRUE
31219,FALSE,FALSE,TRUE,TRUE
31258,FALSE,TRUE,TRUE,TRUE
31285,TRUE,FALSE,TRUE,FALSE
31314,TRUE,FALSE,TRUE,TRUE
31316,TRUE,TRUE,TRUE,FALSE
31339,TRUE,FALSE,TRUE,FALSE
31341,TRUE,FALSE,TRUE,TRUE
31368,TRUE,TRUE,TRUE,TRUE
31520,TRUE,FALSE,TRUE,TRUE
31523,FALSE,TRUE,TRUE,FALSE
31524,TRUE,FALSE,TRUE,TRUE
31540,TRUE,TRUE,TRUE,TRUE
31600,FALSE,TRUE,TRUE,TRUE
31610,TRUE,TRUE,TRUE,TRUE
31652,TRUE,FALSE,TRUE,TRUE
31659,FALSE,TRUE,TRUE,FALSE
31661,TRUE,FALSE,TRUE,FALSE
31683,TRUE,TRUE,TRUE,FALSE
31707,FALSE,TRUE,TRUE,TRUE
31712,TRUE,TRUE,TRUE,FALSE
31718,TRUE,TRUE,TRUE,TRUE
31734,TRUE,TRUE,TRUE,FALSE
31772,TRUE,TRUE,TRUE,TRUE
31779,TRUE,TRUE,TRUE,FALSE
31782,TRUE,TRUE,TRUE,FALSE
31795,TRUE,FALSE,FALSE,FALSE
31796,FALSE,TRUE,TRUE,TRUE
31812,TRUE,TRUE,TRUE,TRUE
31826,TRUE,TRUE,TRUE,FALSE
31835,TRUE,TRUE,TRUE,FALSE
31837,TRUE,TRUE,TRUE,TRUE
31853,TRUE,FALSE,TRUE,FALSE
31856,TRUE,FALSE,TRUE,TRUE
31869,TRUE,FALSE,TRUE,FALSE
31884,TRUE,TRUE,TRUE,FALSE
31942,TRUE,TRUE,TRUE,TRUE
31962,TRUE,FALSE,TRUE,FALSE
31978,FALSE,FALSE,TRUE,FALSE
31991,FALSE,TRUE,TRUE,TRUE
31999,TRUE,TRUE,TRUE,TRUE
32007,TRUE,TRUE,TRUE,TRUE
32048,FALSE,TRUE,TRUE,FALSE
32055,FALSE,TRUE,TRUE,FALSE
32078,TRUE,TRUE,TRUE,FALSE
32086,TRUE,TRUE,TRUE,TRUE
32091,TRUE,FALSE,TRUE,TRUE
32095,TRUE,TRUE,TRUE,TRUE
32124,TRUE,TRUE,TRUE,FALSE
32169,FALSE,TRUE,FALSE,TRUE
32209,FALSE,FALSE,FALSE,FALSE
32274,TRUE,TRUE,TRUE,TRUE
32301,FALSE,FALSE,TRUE,FALSE
32324,TRUE,TRUE,TRUE,TRUE
32334,TRUE,FALSE,TRUE,TRUE
32397,TRUE,TRUE,TRUE,FALSE
32418,FALSE,TRUE,TRUE,FALSE
32428,FALSE,TRUE,TRUE,TRUE
32478,FALSE,TRUE,TRUE,FALSE
32542,TRUE,TRUE,TRUE,FALSE
32604,TRUE,FALSE,TRUE,FALSE
32613,TRUE,TRUE,TRUE,FALSE
32615,FALSE,FALSE,TRUE,FALSE
32659,TRUE,TRUE,TRUE,TRUE
32668,FALSE,FALSE,FALSE,FALSE
32680,TRUE,TRUE,TRUE,FALSE
32716,FALSE,TRUE,TRUE,TRUE
32731,TRUE,TRUE,FALSE,TRUE
32754,FALSE,FALSE,TRUE,FALSE
32790,TRUE,TRUE,TRUE,FALSE
32801,FALSE,FALSE,TRUE,FALSE
32809,FALSE,TRUE,TRUE,TRUE
32839,TRUE,FALSE,TRUE,FALSE
32902,FALSE,TRUE,TRUE,FALSE
32945,FALSE,FALSE,FALSE,TRUE
32961,TRUE,TRUE,TRUE,TRUE
32980,FALSE,FALSE,TRUE,FALSE
32993,TRUE,FALSE,FALSE,FALSE
33098,TRUE,FALSE,TRUE,TRUE
33101,FALSE,TRUE,TRUE,FALSE
33102,FALSE,TRUE,TRUE,FALSE
33135,TRUE,FALSE,TRUE,TRUE
33138,FALSE,TRUE,TRUE,TRUE
33139,TRUE,TRUE,TRUE,TRUE
33170,FALSE,FALSE,TRUE,FALSE
33197,FALSE,FALSE,FALSE,FALSE
33255,TRUE,FALSE,TRUE,FALSE
33268,FALSE,TRUE,TRUE,TRUE
33274,FALSE,TRUE,TRUE,FALSE
33289,FALSE,TRUE,TRUE,TRUE
33301,TRUE,TRUE,TRUE,TRUE
33339,FALSE,FALSE,TRUE,TRUE
33342,FALSE,TRUE,TRUE,TRUE
33349,TRUE,FALSE,TRUE,TRUE
33366,TRUE,FALSE,TRUE,FALSE
33405,FALSE,TRUE,TRUE,FALSE
33410,FALSE,FALSE,TRUE,FALSE
33413,TRUE,TRUE,TRUE,FALSE
33453,TRUE,FALSE,TRUE,TRUE
33472,TRUE,TRUE,TRUE,TRUE
33514,FALSE,FALSE,TRUE,FALSE
33598,TRUE,TRUE,TRUE,TRUE
33624,TRUE,TRUE,TRUE,FALSE
33648,FALSE,TRUE,TRUE,FALSE
33651,FALSE,FALSE,TRUE,FALSE
33671,FALSE,FALSE,FALSE,FALSE
33673,TRUE,TRUE,TRUE,FALSE
33692,TRUE,TRUE,TRUE,TRUE
33693,TRUE,FALSE,FALSE,FALSE
33700,FALSE,TRUE,TRUE,FALSE
33724,FALSE,FALSE,FALSE,FALSE
33771,FALSE,FALSE,TRUE,FALSE
33809,FALSE,FALSE,FALSE,TRUE
33820,TRUE,TRUE,TRUE,FALSE
33824,FALSE,TRUE,TRUE,FALSE
33841,TRUE,TRUE,TRUE,FALSE
33876,FALSE,FALSE,TRUE,FALSE
33902,FALSE,FALSE,TRUE,FALSE
33904,TRUE,FALSE,TRUE,FALSE
33941,FALSE,TRUE,TRUE,TRUE
33950,FALSE,TRUE,TRUE,FALSE
33958,FALSE,FALSE,TRUE,FALSE
34021,FALSE,FALSE,TRUE,FALSE
34082,TRUE,TRUE,TRUE,TRUE
34126,FALSE,TRUE,TRUE,TRUE
34145,FALSE,TRUE,TRUE,TRUE
34154,TRUE,TRUE,TRUE,FALSE
34155,FALSE,TRUE,TRUE,FALSE
34193,FALSE,TRUE,TRUE,FALSE
34279,FALSE,TRUE,TRUE,TRUE
34312,TRUE,TRUE,FALSE,FALSE
34319,TRUE,FALSE,TRUE,FALSE
34341,TRUE,TRUE,TRUE,TRUE
34622,TRUE,TRUE,TRUE,TRUE
34771,TRUE,TRUE,TRUE,FALSE
34779,TRUE,FALSE,TRUE,TRUE
34815,FALSE,TRUE,TRUE,FALSE
34842,FALSE,FALSE,TRUE,TRUE
34851,TRUE,TRUE,TRUE,TRUE
34866,FALSE,TRUE,TRUE,FALSE
34868,FALSE,FALSE,TRUE,TRUE
34871,FALSE,FALSE,FALSE,TRUE
34889,FALSE,FALSE,TRUE,FALSE
34896,FALSE,FALSE,TRUE,TRUE
34902,FALSE,TRUE,TRUE,FALSE
34933,TRUE,TRUE,TRUE,FALSE
34938,FALSE,FALSE,FALSE,FALSE
35045,FALSE,FALSE,TRUE,TRUE
35070,FALSE,TRUE,TRUE,FALSE
35095,FALSE,FALSE,TRUE,TRUE
35137,FALSE,TRUE,FALSE,FALSE
35211,TRUE,TRUE,TRUE,FALSE
35279,FALSE,FALSE,TRUE,TRUE
35292,TRUE,FALSE,TRUE,TRUE
35343,TRUE,TRUE,TRUE,TRUE
35460,FALSE,FALSE,TRUE,FALSE
35475,TRUE,TRUE,TRUE,TRUE
35485,FALSE,TRUE,TRUE,FALSE
35486,TRUE,TRUE,TRUE,FALSE
35495,FALSE,TRUE,TRUE,TRUE
36008,FALSE,TRUE,TRUE,FALSE
36714,FALSE,FALSE,TRUE,FALSE
37967,TRUE,TRUE,TRUE,TRUE
38507,FALSE,FALSE,TRUE,FALSE
39033,TRUE,TRUE,FALSE,FALSE
39138,TRUE,TRUE,TRUE,FALSE
39146,TRUE,FALSE,TRUE,FALSE
39179,FALSE,FALSE,TRUE,FALSE
39962,TRUE,TRUE,TRUE,TRUE
40541,FALSE,FALSE,FALSE,FALSE
40747,FALSE,TRUE,TRUE,TRUE
41622,FALSE,TRUE,TRUE,TRUE
41785,FALSE,TRUE,TRUE,FALSE
42009,FALSE,TRUE,TRUE,TRUE
42049,TRUE,TRUE,TRUE,FALSE
42175,FALSE,FALSE,TRUE,TRUE
43069,FALSE,TRUE,TRUE,TRUE
43283,FALSE,FALSE,FALSE,FALSE
47057,FALSE,FALSE,TRUE,FALSE
47089,FALSE,TRUE,TRUE,FALSE
47106,FALSE,FALSE,TRUE,FALSE
47149,FALSE,TRUE,FALSE,FALSE
47157,FALSE,FALSE,TRUE,TRUE
47220,TRUE,FALSE,TRUE,FALSE
47253,FALSE,FALSE,TRUE,FALSE
47271,TRUE,FALSE,FALSE,FALSE
47289,FALSE,FALSE,TRUE,FALSE
47530,FALSE,TRUE,FALSE,TRUE
47536,FALSE,FALSE,TRUE,FALSE
47572,FALSE,TRUE,TRUE,FALSE
47573,FALSE,FALSE,TRUE,TRUE
47590,TRUE,TRUE,TRUE,FALSE
47592,FALSE,TRUE,TRUE,TRUE
47653,FALSE,TRUE,TRUE,FALSE
47655,TRUE,FALSE,TRUE,TRUE
47678,FALSE,TRUE,TRUE,TRUE
47740,FALSE,FALSE,TRUE,FALSE
47767,TRUE,TRUE,TRUE,TRUE
47775,TRUE,FALSE,TRUE,FALSE
47804,TRUE,TRUE,TRUE,FALSE
47829,FALSE,FALSE,TRUE,FALSE
48227,TRUE,TRUE,TRUE,TRUE
48241,FALSE,TRUE,TRUE,TRUE
48256,FALSE,FALSE,FALSE,FALSE
48289,TRUE,TRUE,TRUE,TRUE
48296,FALSE,TRUE,TRUE,FALSE
48337,TRUE,FALSE,TRUE,FALSE
48361,TRUE,TRUE,TRUE,FALSE
48366,FALSE,FALSE,TRUE,FALSE
48398,FALSE,FALSE,TRUE,FALSE
48433,FALSE,TRUE,TRUE,TRUE
48475,FALSE,FALSE,TRUE,FALSE
48488,FALSE,TRUE,TRUE,TRUE
48526,FALSE,TRUE,TRUE,TRUE
48532,FALSE,TRUE,TRUE,FALSE
48539,FALSE,FALSE,TRUE,FALSE
48555,TRUE,FALSE,TRUE,FALSE
48565,FALSE,TRUE,TRUE,FALSE
48613,FALSE,FALSE,TRUE,TRUE
48665,FALSE,TRUE,TRUE,FALSE
48717,FALSE,FALSE,TRUE,FALSE
48721,FALSE,TRUE,TRUE,TRUE
48753,FALSE,TRUE,TRUE,TRUE
48756,FALSE,TRUE,TRUE,TRUE
48776,FALSE,FALSE,TRUE,FALSE
48782,FALSE,FALSE,TRUE,FALSE
48805,FALSE,TRUE,TRUE,TRUE
48810,FALSE,FALSE,FALSE,FALSE
48817,FALSE,TRUE,TRUE,FALSE
48820,FALSE,FALSE,TRUE,TRUE
48828,TRUE,TRUE,TRUE,TRUE
48851,TRUE,FALSE,TRUE,FALSE
48879,FALSE,FALSE,TRUE,FALSE
48947,TRUE,TRUE,TRUE,FALSE
49016,FALSE,FALSE,TRUE,FALSE
49055,FALSE,FALSE,TRUE,FALSE
49081,FALSE,FALSE,TRUE,TRUE
49086,FALSE,FALSE,TRUE,FALSE
49188,FALSE,TRUE,TRUE,TRUE
49410,TRUE,TRUE,TRUE,FALSE
49447,TRUE,TRUE,TRUE,TRUE
49456,FALSE,FALSE,TRUE,TRUE
49551,FALSE,FALSE,TRUE,FALSE
49562,FALSE,FALSE,TRUE,FALSE
49568,FALSE,TRUE,TRUE,TRUE
49584,TRUE,TRUE,TRUE,FALSE
49634,FALSE,FALSE,TRUE,FALSE
49662,FALSE,FALSE,TRUE,FALSE
49678,TRUE,TRUE,TRUE,FALSE
49680,FALSE,FALSE,TRUE,TRUE
49689,FALSE,TRUE,TRUE,FALSE
49740,TRUE,FALSE,TRUE,FALSE
49870,FALSE,FALSE,TRUE,FALSE
49946,TRUE,TRUE,TRUE,TRUE
50096,FALSE,FALSE,TRUE,TRUE
50199,TRUE,TRUE,TRUE,FALSE
50263,FALSE,TRUE,TRUE,TRUE
50545,FALSE,FALSE,TRUE,FALSE
50644,TRUE,TRUE,TRUE,TRUE
50647,TRUE,FALSE,TRUE,FALSE
50662,FALSE,FALSE,TRUE,FALSE
50805,FALSE,TRUE,TRUE,TRUE
50813,FALSE,TRUE,TRUE,TRUE
50815,TRUE,TRUE,TRUE,FALSE
50867,FALSE,TRUE,TRUE,FALSE
50874,TRUE,TRUE,TRUE,FALSE
50942,FALSE,FALSE,FALSE,FALSE
50985,TRUE,TRUE,TRUE,TRUE
51053,TRUE,TRUE,TRUE,FALSE
51085,TRUE,TRUE,TRUE,TRUE
51098,TRUE,TRUE,TRUE,TRUE
51129,TRUE,TRUE,TRUE,TRUE
51132,TRUE,TRUE,TRUE,TRUE
51178,TRUE,TRUE,TRUE,FALSE
51184,TRUE,FALSE,TRUE,TRUE
51196,FALSE,TRUE,TRUE,FALSE
51306,FALSE,TRUE,TRUE,FALSE
51334,FALSE,TRUE,TRUE,FALSE
51337,FALSE,FALSE,TRUE,FALSE
51343,TRUE,TRUE,TRUE,TRUE
51388,FALSE,FALSE,FALSE,FALSE
51404,TRUE,FALSE,TRUE,FALSE
51416,FALSE,FALSE,TRUE,FALSE
51473,TRUE,TRUE,TRUE,TRUE
51485,FALSE,FALSE,TRUE,FALSE
51645,FALSE,FALSE,TRUE,FALSE
51650,TRUE,TRUE,TRUE,FALSE
51689,FALSE,TRUE,TRUE,FALSE
51692,FALSE,FALSE,FALSE,FALSE
51693,FALSE,FALSE,FALSE,FALSE
51696,FALSE,FALSE,FALSE,FALSE
51908,FALSE,TRUE,FALSE,FALSE
51910,FALSE,TRUE,TRUE,FALSE
51922,FALSE,FALSE,TRUE,FALSE
51950,TRUE,TRUE,TRUE,TRUE
52005,TRUE,TRUE,FALSE,FALSE
52058,TRUE,TRUE,TRUE,TRUE
52085,FALSE,TRUE,TRUE,TRUE
52145,TRUE,TRUE,TRUE,TRUE
52184,FALSE,TRUE,TRUE,TRUE
52204,FALSE,TRUE,TRUE,FALSE
52223,FALSE,TRUE,TRUE,FALSE
52239,TRUE,TRUE,TRUE,FALSE
52276,FALSE,TRUE,TRUE,FALSE
52283,FALSE,FALSE,FALSE,FALSE
52302,FALSE,FALSE,TRUE,FALSE
52338,FALSE,FALSE,TRUE,FALSE
52343,FALSE,TRUE,TRUE,TRUE
52359,TRUE,TRUE,TRUE,FALSE
52372,TRUE,TRUE,TRUE,FALSE
52375,FALSE,TRUE,TRUE,TRUE
52396,FALSE,FALSE,TRUE,FALSE
52405,FALSE,FALSE,TRUE,FALSE
52485,FALSE,FALSE,TRUE,FALSE
52546,FALSE,FALSE,TRUE,TRUE
52552,FALSE,FALSE,TRUE,FALSE
52761,FALSE,TRUE,TRUE,TRUE
52926,TRUE,TRUE,TRUE,FALSE
52937,TRUE,TRUE,TRUE,FALSE
52947,TRUE,TRUE,FALSE,FALSE
52964,FALSE,TRUE,TRUE,FALSE
52971,FALSE,FALSE,TRUE,TRUE
52976,FALSE,FALSE,TRUE,TRUE
53000,TRUE,FALSE,TRUE,FALSE
53005,FALSE,TRUE,TRUE,FALSE
53054,FALSE,FALSE,FALSE,FALSE
53115,TRUE,TRUE,TRUE,FALSE
53194,FALSE,FALSE,TRUE,FALSE
53200,FALSE,TRUE,TRUE,FALSE
53205,TRUE,TRUE,TRUE,TRUE
53215,FALSE,FALSE,TRUE,FALSE
53264,TRUE,FALSE,TRUE,TRUE
53266,FALSE,TRUE,TRUE,FALSE
53282,TRUE,TRUE,TRUE,FALSE
53305,TRUE,TRUE,TRUE,TRUE
53410,FALSE,FALSE,FALSE,FALSE
53426,FALSE,FALSE,TRUE,FALSE
53432,FALSE,TRUE,TRUE,TRUE
53446,FALSE,TRUE,TRUE,FALSE
53534,TRUE,TRUE,FALSE,TRUE
53561,FALSE,TRUE,TRUE,TRUE
53573,FALSE,TRUE,TRUE,FALSE
53575,FALSE,TRUE,FALSE,TRUE
53603,TRUE,TRUE,TRUE,FALSE
53659,TRUE,FALSE,TRUE,FALSE
53673,FALSE,FALSE,TRUE,TRUE
53679,FALSE,TRUE,TRUE,FALSE
53688,FALSE,FALSE,TRUE,TRUE
53742,TRUE,FALSE,FALSE,FALSE
53793,FALSE,TRUE,TRUE,FALSE
53838,FALSE,FALSE,TRUE,FALSE
53929,TRUE,TRUE,TRUE,FALSE
53948,FALSE,TRUE,TRUE,FALSE
54075,FALSE,TRUE,TRUE,TRUE
54083,FALSE,TRUE,TRUE,FALSE
54120,FALSE,TRUE,TRUE,TRUE
54125,FALSE,TRUE,TRUE,FALSE
54158,FALSE,TRUE,TRUE,TRUE
54179,TRUE,FALSE,TRUE,FALSE
54207,TRUE,FALSE,TRUE,FALSE
54231,TRUE,TRUE,TRUE,FALSE
54237,FALSE,FALSE,TRUE,FALSE
54256,TRUE,TRUE,TRUE,TRUE
54269,FALSE,TRUE,TRUE,TRUE
54285,FALSE,TRUE,TRUE,FALSE
54390,TRUE,TRUE,TRUE,TRUE
54394,FALSE,TRUE,TRUE,TRUE
54427,FALSE,TRUE,TRUE,FALSE
54505,TRUE,FALSE,TRUE,FALSE
54538,FALSE,FALSE,TRUE,FALSE
54586,FALSE,TRUE,TRUE,FALSE
54600,FALSE,FALSE,TRUE,FALSE
54642,FALSE,FALSE,TRUE,FALSE
54680,FALSE,TRUE,TRUE,FALSE
54686,FALSE,FALSE,TRUE,FALSE
54748,TRUE,TRUE,FALSE,FALSE
54758,TRUE,TRUE,TRUE,TRUE
54781,TRUE,FALSE,TRUE,FALSE
54788,TRUE,TRUE,TRUE,FALSE
54814,TRUE,TRUE,TRUE,TRUE
54856,TRUE,TRUE,TRUE,TRUE
54859,FALSE,FALSE,TRUE,FALSE
54874,TRUE,TRUE,TRUE,TRUE
54935,FALSE,FALSE,TRUE,TRUE
54949,FALSE,FALSE,TRUE,FALSE
54950,FALSE,TRUE,TRUE,TRUE
54954,FALSE,FALSE,TRUE,FALSE
54968,FALSE,FALSE,TRUE,FALSE
55040,TRUE,TRUE,TRUE,TRUE
55059,FALSE,TRUE,TRUE,FALSE
55101,FALSE,TRUE,TRUE,FALSE
55112,TRUE,TRUE,TRUE,TRUE
55133,FALSE,TRUE,TRUE,TRUE
55136,FALSE,TRUE,TRUE,TRUE
55175,TRUE,FALSE,TRUE,FALSE
55198,TRUE,FALSE,TRUE,TRUE
55219,TRUE,TRUE,TRUE,TRUE
55236,FALSE,FALSE,TRUE,FALSE
55245,FALSE,FALSE,FALSE,FALSE
55273,FALSE,FALSE,FALSE,FALSE
55335,TRUE,TRUE,TRUE,TRUE
55383,FALSE,TRUE,TRUE,FALSE
55392,FALSE,FALSE,TRUE,TRUE
55504,FALSE,FALSE,TRUE,FALSE
55525,FALSE,FALSE,FALSE,FALSE
55600,TRUE,TRUE,TRUE,TRUE
55615,FALSE,TRUE,TRUE,FALSE
55623,FALSE,TRUE,TRUE,TRUE
55700,FALSE,FALSE,TRUE,TRUE
55719,FALSE,FALSE,TRUE,FALSE
55823,FALSE,FALSE,FALSE,FALSE
55839,FALSE,FALSE,FALSE,FALSE
55841,FALSE,TRUE,FALSE,FALSE
55869,FALSE,FALSE,TRUE,FALSE
55881,TRUE,TRUE,TRUE,FALSE
55993,FALSE,TRUE,TRUE,TRUE
56007,TRUE,FALSE,TRUE,FALSE
56008,TRUE,TRUE,TRUE,FALSE
56103,FALSE,TRUE,TRUE,FALSE
56115,FALSE,TRUE,FALSE,FALSE
56122,FALSE,FALSE,FALSE,FALSE
56127,FALSE,TRUE,TRUE,FALSE
56141,FALSE,FALSE,TRUE,FALSE
56156,FALSE,TRUE,TRUE,TRUE
56183,FALSE,FALSE,TRUE,FALSE
56191,FALSE,TRUE,FALSE,TRUE
56197,TRUE,FALSE,TRUE,FALSE
56237,FALSE,FALSE,TRUE,FALSE
56265,FALSE,FALSE,TRUE,FALSE
56306,FALSE,TRUE,TRUE,FALSE
56314,FALSE,TRUE,TRUE,FALSE
56318,FALSE,TRUE,FALSE,FALSE
56319,FALSE,FALSE,FALSE,FALSE
56370,FALSE,FALSE,FALSE,FALSE
56397,FALSE,TRUE,TRUE,TRUE
56405,FALSE,FALSE,TRUE,FALSE
56490,TRUE,FALSE,FALSE,FALSE
56499,TRUE,FALSE,FALSE,TRUE
56504,FALSE,TRUE,TRUE,FALSE
56525,TRUE,FALSE,TRUE,FALSE
56531,FALSE,FALSE,TRUE,FALSE
56538,FALSE,FALSE,FALSE,FALSE
56549,FALSE,FALSE,TRUE,TRUE
56561,TRUE,FALSE,TRUE,FALSE
56588,FALSE,TRUE,TRUE,TRUE
56638,FALSE,FALSE,TRUE,FALSE
56660,TRUE,TRUE,TRUE,TRUE
56685,TRUE,FALSE,TRUE,FALSE
56693,FALSE,FALSE,TRUE,FALSE
56725,TRUE,TRUE,TRUE,TRUE
56744,FALSE,FALSE,FALSE,TRUE
56768,TRUE,TRUE,TRUE,TRUE
56799,FALSE,TRUE,TRUE,FALSE
56804,FALSE,FALSE,TRUE,FALSE
56813,FALSE,TRUE,TRUE,FALSE
56840,TRUE,TRUE,TRUE,FALSE
56847,FALSE,FALSE,TRUE,FALSE
56860,FALSE,FALSE,TRUE,FALSE
56865,FALSE,FALSE,FALSE,TRUE
56912,FALSE,FALSE,TRUE,FALSE
56925,FALSE,FALSE,FALSE,FALSE
57046,FALSE,TRUE,TRUE,FALSE
57088,FALSE,FALSE,FALSE,FALSE
57145,FALSE,FALSE,TRUE,TRUE
57158,FALSE,TRUE,TRUE,FALSE
57164,TRUE,FALSE,TRUE,FALSE
57171,FALSE,FALSE,TRUE,TRUE
57217,FALSE,TRUE,TRUE,FALSE
57274,FALSE,FALSE,TRUE,FALSE
57303,FALSE,TRUE,TRUE,TRUE
57410,FALSE,FALSE,TRUE,FALSE
57436,FALSE,FALSE,FALSE,FALSE
57444,FALSE,TRUE,FALSE,FALSE
57490,FALSE,TRUE,FALSE,FALSE
57492,FALSE,TRUE,TRUE,FALSE
57509,FALSE,FALSE,TRUE,TRUE
57525,FALSE,TRUE,FALSE,FALSE
57556,TRUE,FALSE,TRUE,FALSE
57623,TRUE,FALSE,TRUE,FALSE
57630,FALSE,TRUE,TRUE,TRUE
57663,FALSE,TRUE,TRUE,FALSE
57683,FALSE,TRUE,FALSE,TRUE
57697,TRUE,FALSE,TRUE,FALSE
57698,TRUE,TRUE,TRUE,TRUE
57728,FALSE,FALSE,TRUE,FALSE
57732,TRUE,TRUE,TRUE,TRUE
57744,FALSE,FALSE,TRUE,FALSE
57759,FALSE,FALSE,FALSE,FALSE
57816,FALSE,FALSE,TRUE,FALSE
57840,FALSE,TRUE,TRUE,FALSE
57870,FALSE,TRUE,TRUE,FALSE
57887,FALSE,FALSE,FALSE,TRUE
57972,FALSE,FALSE,TRUE,FALSE
58022,FALSE,TRUE,TRUE,FALSE
58040,TRUE,TRUE,TRUE,TRUE
58080,TRUE,TRUE,TRUE,FALSE
58092,FALSE,FALSE,TRUE,TRUE
58181,FALSE,TRUE,FALSE,TRUE
58232,TRUE,TRUE,TRUE,TRUE
58245,FALSE,TRUE,TRUE,FALSE
58280,FALSE,TRUE,TRUE,TRUE
58291,FALSE,TRUE,TRUE,FALSE
58302,FALSE,FALSE,FALSE,FALSE
58339,FALSE,TRUE,TRUE,FALSE
58347,TRUE,FALSE,TRUE,FALSE
58379,TRUE,TRUE,TRUE,FALSE
58381,FALSE,FALSE,TRUE,FALSE
58383,FALSE,TRUE,FALSE,FALSE
58406,TRUE,FALSE,TRUE,FALSE
58427,TRUE,FALSE,TRUE,FALSE
58428,FALSE,FALSE,TRUE,FALSE
58431,FALSE,FALSE,TRUE,FALSE
58447,FALSE,TRUE,TRUE,FALSE
58451,TRUE,FALSE,TRUE,TRUE
58463,TRUE,FALSE,TRUE,FALSE
58492,FALSE,TRUE,TRUE,FALSE
58552,TRUE,TRUE,TRUE,TRUE
58561,FALSE,FALSE,TRUE,FALSE
58583,FALSE,TRUE,TRUE,TRUE
58618,FALSE,TRUE,TRUE,FALSE
58638,FALSE,TRUE,TRUE,FALSE
58643,FALSE,FALSE,TRUE,FALSE
58668,FALSE,TRUE,TRUE,FALSE
58697,FALSE,FALSE,TRUE,TRUE
58702,FALSE,TRUE,FALSE,FALSE
58704,FALSE,FALSE,TRUE,FALSE
58712,FALSE,TRUE,FALSE,FALSE
58723,FALSE,TRUE,TRUE,FALSE
58734,FALSE,TRUE,TRUE,FALSE
58735,FALSE,TRUE,TRUE,FALSE
58761,FALSE,FALSE,FALSE,FALSE
58784,TRUE,FALSE,TRUE,FALSE
58787,FALSE,TRUE,TRUE,FALSE
58802,FALSE,TRUE,TRUE,TRUE
58824,FALSE,TRUE,TRUE,FALSE
58844,FALSE,FALSE,TRUE,FALSE
58857,TRUE,TRUE,TRUE,FALSE
58973,FALSE,TRUE,TRUE,FALSE
58994,TRUE,FALSE,TRUE,TRUE
58998,FALSE,FALSE,TRUE,FALSE
58999,FALSE,FALSE,TRUE,FALSE
59012,FALSE,TRUE,TRUE,FALSE
59034,FALSE,FALSE,FALSE,TRUE
59036,FALSE,TRUE,FALSE,FALSE
59054,TRUE,TRUE,TRUE,FALSE
59086,FALSE,FALSE,TRUE,FALSE
59093,TRUE,TRUE,TRUE,FALSE
59110,TRUE,FALSE,FALSE,FALSE
59156,FALSE,TRUE,TRUE,FALSE
59162,FALSE,TRUE,TRUE,TRUE
59180,FALSE,FALSE,TRUE,FALSE
59226,FALSE,FALSE,TRUE,FALSE
59233,FALSE,TRUE,TRUE,FALSE
59263,TRUE,TRUE,TRUE,FALSE
59282,FALSE,FALSE,FALSE,FALSE
59384,TRUE,TRUE,TRUE,TRUE
59398,FALSE,TRUE,TRUE,FALSE
59433,TRUE,FALSE,TRUE,FALSE
59457,TRUE,FALSE,TRUE,TRUE
59458,FALSE,TRUE,TRUE,FALSE
59465,FALSE,FALSE,TRUE,TRUE
59476,FALSE,TRUE,TRUE,FALSE
59486,FALSE,FALSE,TRUE,TRUE
59512,FALSE,TRUE,FALSE,FALSE
59576,FALSE,FALSE,FALSE,FALSE
59592,TRUE,TRUE,TRUE,TRUE
59605,FALSE,TRUE,TRUE,FALSE
59632,FALSE,FALSE,TRUE,FALSE
59661,TRUE,FALSE,FALSE,FALSE
59663,FALSE,FALSE,FALSE,FALSE
59677,FALSE,FALSE,FALSE,FALSE
59679,TRUE,TRUE,TRUE,TRUE
59693,FALSE,TRUE,TRUE,FALSE
59697,TRUE,TRUE,TRUE,TRUE
59717,TRUE,FALSE,TRUE,FALSE
59722,TRUE,FALSE,TRUE,FALSE
59765,FALSE,TRUE,FALSE,TRUE
59783,FALSE,FALSE,FALSE,FALSE
59798,FALSE,FALSE,TRUE,FALSE
59815,FALSE,TRUE,TRUE,TRUE
59841,FALSE,TRUE,TRUE,FALSE
59855,FALSE,FALSE,TRUE,FALSE
59883,FALSE,TRUE,TRUE,FALSE
59888,TRUE,TRUE,TRUE,FALSE
59899,FALSE,FALSE,TRUE,FALSE
59906,TRUE,TRUE,TRUE,TRUE
60003,FALSE,FALSE,FALSE,FALSE
60033,FALSE,FALSE,TRUE,FALSE
60035,TRUE,TRUE,TRUE,TRUE
60064,FALSE,TRUE,TRUE,TRUE
60071,FALSE,TRUE,FALSE,FALSE
60083,FALSE,FALSE,TRUE,FALSE
60090,TRUE,TRUE,TRUE,FALSE
60103,FALSE,FALSE,FALSE,FALSE
60111,FALSE,FALSE,TRUE,FALSE
60132,FALSE,FALSE,TRUE,TRUE
60133,TRUE,FALSE,FALSE,FALSE
60166,TRUE,TRUE,TRUE,FALSE
60173,FALSE,FALSE,FALSE,FALSE
60180,FALSE,TRUE,TRUE,FALSE
60205,TRUE,TRUE,TRUE,FALSE
60250,FALSE,FALSE,TRUE,FALSE
60298,TRUE,TRUE,TRUE,TRUE
60334,TRUE,TRUE,TRUE,TRUE
60372,FALSE,TRUE,TRUE,FALSE
60374,TRUE,TRUE,TRUE,FALSE
60380,FALSE,FALSE,TRUE,FALSE
60383,FALSE,FALSE,TRUE,TRUE
60400,FALSE,FALSE,FALSE,FALSE
60410,FALSE,TRUE,TRUE,FALSE
60414,FALSE,FALSE,TRUE,FALSE
60416,FALSE,FALSE,FALSE,FALSE
60441,FALSE,FALSE,FALSE,FALSE
60456,TRUE,TRUE,TRUE,TRUE
60497,TRUE,TRUE,TRUE,TRUE
60516,TRUE,FALSE,TRUE,TRUE
60533,FALSE,TRUE,TRUE,FALSE
60543,FALSE,FALSE,TRUE,TRUE
60549,TRUE,TRUE,TRUE,FALSE
60604,FALSE,FALSE,TRUE,FALSE
60612,FALSE,TRUE,TRUE,FALSE
60633,FALSE,FALSE,TRUE,FALSE
60639,TRUE,TRUE,TRUE,TRUE
60643,FALSE,FALSE,TRUE,FALSE
60671,FALSE,FALSE,TRUE,FALSE
60680,TRUE,TRUE,TRUE,TRUE
60694,TRUE,FALSE,FALSE,FALSE
60697,FALSE,FALSE,FALSE,FALSE
60699,FALSE,FALSE,FALSE,FALSE
60700,TRUE,TRUE,TRUE,TRUE
60701,TRUE,FALSE,TRUE,TRUE
60706,FALSE,TRUE,TRUE,FALSE
60707,FALSE,FALSE,FALSE,FALSE
60710,TRUE,FALSE,TRUE,FALSE
60713,FALSE,FALSE,FALSE,FALSE
60715,FALSE,TRUE,TRUE,FALSE
60718,TRUE,TRUE,TRUE,TRUE
60719,FALSE,FALSE,FALSE,FALSE
60720,FALSE,TRUE,FALSE,FALSE
60723,FALSE,FALSE,FALSE,FALSE
60729,FALSE,FALSE,TRUE,TRUE
60730,FALSE,FALSE,FALSE,FALSE
60731,TRUE,TRUE,TRUE,TRUE
60735,FALSE,FALSE,TRUE,FALSE
60736,FALSE,FALSE,TRUE,FALSE
60738,FALSE,FALSE,FALSE,FALSE
60740,FALSE,TRUE,FALSE,FALSE
60741,TRUE,TRUE,TRUE,TRUE
60743,TRUE,FALSE,TRUE,FALSE
60744,FALSE,FALSE,TRUE,FALSE
60745,FALSE,FALSE,TRUE,FALSE
60747,FALSE,TRUE,FALSE,FALSE
60750,TRUE,TRUE,TRUE,TRUE
60752,FALSE,TRUE,TRUE,FALSE
60753,TRUE,FALSE,FALSE,TRUE
60755,FALSE,TRUE,FALSE,FALSE
60756,FALSE,FALSE,FALSE,FALSE
60760,FALSE,FALSE,TRUE,FALSE
60762,FALSE,FALSE,FALSE,FALSE
60764,FALSE,FALSE,TRUE,FALSE
60766,FALSE,TRUE,TRUE,FALSE
60767,FALSE,FALSE,FALSE,FALSE
60770,FALSE,FALSE,FALSE,FALSE
60771,FALSE,FALSE,FALSE,FALSE
60772,TRUE,FALSE,TRUE,FALSE
60774,FALSE,FALSE,FALSE,FALSE
60777,FALSE,FALSE,TRUE,FALSE
60781,FALSE,FALSE,TRUE,FALSE
60782,FALSE,FALSE,FALSE,FALSE
60787,FALSE,FALSE,TRUE,FALSE
60788,FALSE,FALSE,TRUE,FALSE
60789,FALSE,TRUE,TRUE,FALSE
60793,FALSE,FALSE,TRUE,TRUE
60794,TRUE,FALSE,TRUE,TRUE
60799,FALSE,FALSE,TRUE,FALSE
60806,FALSE,FALSE,FALSE,FALSE
60807,FALSE,TRUE,FALSE,FALSE
60811,FALSE,FALSE,FALSE,FALSE
60814,FALSE,FALSE,FALSE,FALSE
60817,FALSE,TRUE,FALSE,TRUE
60818,FALSE,FALSE,TRUE,FALSE
60820,FALSE,FALSE,FALSE,FALSE
60821,TRUE,TRUE,TRUE,FALSE
60822,FALSE,FALSE,FALSE,FALSE
60823,FALSE,TRUE,TRUE,FALSE
60825,TRUE,FALSE,FALSE,FALSE
60829,FALSE,FALSE,TRUE,FALSE
60836,FALSE,FALSE,FALSE,TRUE
60838,TRUE,FALSE,TRUE,FALSE
60839,FALSE,FALSE,FALSE,FALSE
60841,FALSE,FALSE,TRUE,FALSE
60842,TRUE,FALSE,TRUE,FALSE
60843,FALSE,FALSE,TRUE,TRUE
60847,FALSE,FALSE,TRUE,FALSE
60850,FALSE,TRUE,FALSE,FALSE
60852,FALSE,FALSE,TRUE,TRUE
60853,FALSE,FALSE,FALSE,FALSE
60854,FALSE,FALSE,FALSE,FALSE
60856,FALSE,FALSE,FALSE,FALSE
60857,FALSE,FALSE,TRUE,TRUE
60859,FALSE,FALSE,FALSE,FALSE
60862,FALSE,FALSE,FALSE,FALSE
60863,FALSE,TRUE,TRUE,FALSE
60864,FALSE,FALSE,TRUE,FALSE
60869,FALSE,FALSE,TRUE,FALSE
60870,FALSE,FALSE,TRUE,FALSE
60871,FALSE,FALSE,TRUE,FALSE
60872,FALSE,TRUE,TRUE,FALSE
60873,FALSE,TRUE,TRUE,TRUE
60874,FALSE,TRUE,TRUE,FALSE
60875,FALSE,FALSE,FALSE,FALSE
60876,FALSE,TRUE,TRUE,FALSE
60877,FALSE,TRUE,FALSE,FALSE
60878,FALSE,FALSE,FALSE,FALSE
60882,TRUE,FALSE,TRUE,FALSE
60883,FALSE,TRUE,TRUE,TRUE
60884,FALSE,FALSE,TRUE,FALSE
60885,FALSE,FALSE,FALSE,FALSE
60888,FALSE,FALSE,FALSE,FALSE
60889,FALSE,FALSE,FALSE,FALSE
60890,FALSE,FALSE,TRUE,FALSE
60893,FALSE,TRUE,TRUE,FALSE
60895,TRUE,TRUE,TRUE,FALSE
60896,FALSE,FALSE,TRUE,FALSE
60897,FALSE,FALSE,FALSE,FALSE
60900,FALSE,TRUE,TRUE,TRUE
60901,FALSE,FALSE,TRUE,FALSE
60902,FALSE,FALSE,FALSE,FALSE
60903,FALSE,FALSE,TRUE,FALSE
60904,FALSE,TRUE,TRUE,FALSE
60906,TRUE,FALSE,TRUE,FALSE
60907,TRUE,FALSE,TRUE,FALSE
60908,FALSE,FALSE,TRUE,TRUE
60909,FALSE,FALSE,FALSE,FALSE
60914,FALSE,FALSE,TRUE,FALSE
60915,FALSE,FALSE,FALSE,FALSE
60916,FALSE,TRUE,TRUE,FALSE
60919,FALSE,TRUE,FALSE,TRUE
60920,TRUE,TRUE,TRUE,FALSE
60921,FALSE,FALSE,TRUE,FALSE
60923,FALSE,TRUE,TRUE,TRUE
60925,FALSE,FALSE,FALSE,FALSE
60928,FALSE,TRUE,TRUE,FALSE
60929,FALSE,FALSE,TRUE,TRUE
60930,TRUE,TRUE,TRUE,FALSE
60932,FALSE,TRUE,TRUE,FALSE
60937,FALSE,TRUE,TRUE,TRUE
60938,FALSE,FALSE,TRUE,FALSE
60943,FALSE,FALSE,FALSE,FALSE
60945,FALSE,FALSE,FALSE,FALSE
60946,TRUE,FALSE,FALSE,FALSE
60948,FALSE,TRUE,TRUE,FALSE
60949,FALSE,FALSE,FALSE,FALSE
60950,TRUE,TRUE,TRUE,FALSE
60951,FALSE,FALSE,FALSE,FALSE
60953,TRUE,TRUE,TRUE,TRUE
60961,FALSE,TRUE,TRUE,TRUE
60962,FALSE,FALSE,TRUE,FALSE
60964,FALSE,TRUE,TRUE,FALSE
60966,TRUE,FALSE,TRUE,FALSE
60967,FALSE,FALSE,TRUE,FALSE
60968,FALSE,FALSE,FALSE,FALSE
60969,TRUE,FALSE,TRUE,FALSE
60970,FALSE,TRUE,TRUE,TRUE
60971,FALSE,FALSE,FALSE,FALSE
60972,FALSE,TRUE,FALSE,FALSE
60975,FALSE,TRUE,TRUE,FALSE
60978,TRUE,TRUE,TRUE,TRUE
60979,FALSE,FALSE,TRUE,FALSE
60980,FALSE,FALSE,FALSE,FALSE
60983,FALSE,FALSE,FALSE,FALSE
60984,FALSE,FALSE,FALSE,FALSE
60986,FALSE,FALSE,TRUE,FALSE
60988,FALSE,TRUE,TRUE,TRUE
60989,FALSE,TRUE,FALSE,TRUE
60990,FALSE,FALSE,TRUE,FALSE
60991,TRUE,FALSE,TRUE,FALSE
60994,FALSE,TRUE,TRUE,FALSE
60995,FALSE,FALSE,TRUE,TRUE
60996,FALSE,FALSE,FALSE,FALSE
60998,FALSE,FALSE,FALSE,FALSE
61000,FALSE,TRUE,TRUE,FALSE
61002,TRUE,FALSE,TRUE,FALSE
61003,FALSE,FALSE,TRUE,FALSE
61005,FALSE,FALSE,FALSE,FALSE
61006,FALSE,FALSE,FALSE,FALSE
61010,FALSE,FALSE,FALSE,FALSE
61011,FALSE,TRUE,TRUE,FALSE
61014,TRUE,TRUE,TRUE,TRUE
61015,FALSE,FALSE,FALSE,FALSE
61020,FALSE,FALSE,FALSE,FALSE
61022,TRUE,FALSE,TRUE,FALSE
61023,TRUE,FALSE,TRUE,TRUE
61024,TRUE,TRUE,TRUE,TRUE
61025,TRUE,TRUE,TRUE,TRUE
61026,FALSE,FALSE,FALSE,FALSE
61029,FALSE,FALSE,TRUE,FALSE
61033,FALSE,FALSE,TRUE,FALSE
61035,FALSE,FALSE,FALSE,FALSE
61037,FALSE,TRUE,FALSE,TRUE
61039,FALSE,FALSE,FALSE,FALSE
61040,FALSE,TRUE,TRUE,FALSE
61041,FALSE,FALSE,TRUE,FALSE
61043,FALSE,FALSE,FALSE,FALSE
61044,FALSE,FALSE,TRUE,FALSE
61045,TRUE,TRUE,TRUE,TRUE
61047,FALSE,FALSE,FALSE,FALSE
61053,FALSE,FALSE,FALSE,FALSE
61054,TRUE,FALSE,TRUE,FALSE
61055,FALSE,FALSE,TRUE,FALSE
61056,FALSE,TRUE,TRUE,FALSE
61057,FALSE,TRUE,TRUE,FALSE
61058,FALSE,FALSE,FALSE,FALSE
61060,FALSE,TRUE,TRUE,TRUE
61061,FALSE,TRUE,FALSE,FALSE
61062,FALSE,FALSE,FALSE,FALSE
61063,TRUE,TRUE,TRUE,TRUE
61064,FALSE,TRUE,TRUE,FALSE
61065,FALSE,FALSE,TRUE,FALSE
61066,TRUE,FALSE,TRUE,TRUE
61067,FALSE,TRUE,TRUE,FALSE
61068,FALSE,TRUE,TRUE,FALSE
61071,FALSE,FALSE,FALSE,FALSE
61073,FALSE,TRUE,TRUE,FALSE
61074,FALSE,TRUE,TRUE,TRUE
61080,FALSE,FALSE,FALSE,FALSE
61083,TRUE,TRUE,TRUE,TRUE
61084,FALSE,TRUE,TRUE,FALSE
61085,FALSE,FALSE,TRUE,FALSE
61086,FALSE,FALSE,TRUE,FALSE
61089,FALSE,FALSE,FALSE,FALSE
61095,FALSE,TRUE,TRUE,FALSE
61096,FALSE,TRUE,TRUE,FALSE
61100,TRUE,TRUE,TRUE,TRUE
61101,FALSE,FALSE,FALSE,TRUE
61103,FALSE,FALSE,FALSE,FALSE
61104,FALSE,FALSE,FALSE,FALSE
61106,TRUE,TRUE,TRUE,FALSE
61109,FALSE,FALSE,FALSE,FALSE
61110,TRUE,TRUE,TRUE,TRUE
61111,FALSE,FALSE,FALSE,FALSE
61112,FALSE,FALSE,TRUE,FALSE
61115,FALSE,FALSE,FALSE,FALSE
61116,FALSE,FALSE,TRUE,FALSE
61117,TRUE,TRUE,TRUE,TRUE
61118,FALSE,FALSE,FALSE,FALSE
61119,FALSE,FALSE,FALSE,FALSE
61120,TRUE,TRUE,FALSE,TRUE
61121,FALSE,TRUE,FALSE,TRUE
61122,FALSE,FALSE,FALSE,FALSE
61123,FALSE,FALSE,FALSE,FALSE
61128,FALSE,FALSE,TRUE,FALSE
61129,FALSE,FALSE,TRUE,FALSE
61130,FALSE,FALSE,TRUE,FALSE
61133,FALSE,FALSE,FALSE,FALSE
61134,FALSE,TRUE,TRUE,TRUE
61135,FALSE,FALSE,TRUE,FALSE
61136,FALSE,FALSE,FALSE,FALSE
61137,FALSE,FALSE,TRUE,FALSE
61142,TRUE,FALSE,FALSE,FALSE
61144,FALSE,FALSE,FALSE,FALSE
61145,FALSE,FALSE,TRUE,TRUE
61146,FALSE,FALSE,FALSE,FALSE
61148,FALSE,FALSE,TRUE,TRUE
61151,FALSE,FALSE,TRUE,FALSE
61152,TRUE,TRUE,TRUE,FALSE
61156,FALSE,TRUE,TRUE,FALSE
61158,TRUE,FALSE,TRUE,FALSE
61159,FALSE,FALSE,TRUE,FALSE
61160,FALSE,FALSE,FALSE,FALSE
61162,FALSE,FALSE,TRUE,FALSE
61163,FALSE,TRUE,FALSE,TRUE
61164,TRUE,FALSE,TRUE,FALSE
61166,FALSE,FALSE,TRUE,FALSE
61167,FALSE,FALSE,FALSE,FALSE
61168,FALSE,FALSE,FALSE,FALSE
61170,FALSE,FALSE,FALSE,FALSE
61171,FALSE,TRUE,TRUE,TRUE
61175,FALSE,FALSE,FALSE,FALSE
61176,FALSE,TRUE,TRUE,FALSE
61179,FALSE,TRUE,TRUE,FALSE
61180,TRUE,TRUE,TRUE,FALSE
61181,FALSE,FALSE,FALSE,FALSE
61186,TRUE,TRUE,FALSE,FALSE
61190,FALSE,FALSE,TRUE,FALSE
61191,FALSE,FALSE,TRUE,FALSE
61192,TRUE,TRUE,TRUE,FALSE
61198,FALSE,FALSE,FALSE,FALSE
61200,FALSE,FALSE,FALSE,FALSE
61206,TRUE,TRUE,TRUE,FALSE
61208,FALSE,FALSE,TRUE,FALSE
61210,FALSE,FALSE,FALSE,FALSE
61212,FALSE,FALSE,FALSE,FALSE
61214,FALSE,TRUE,TRUE,FALSE
61215,TRUE,TRUE,FALSE,FALSE
61216,FALSE,FALSE,FALSE,FALSE
61217,FALSE,TRUE,TRUE,FALSE
61218,FALSE,FALSE,FALSE,FALSE
61219,FALSE,FALSE,TRUE,FALSE
61220,FALSE,FALSE,FALSE,FALSE
61224,FALSE,TRUE,FALSE,FALSE
61227,TRUE,FALSE,TRUE,FALSE
61235,FALSE,FALSE,FALSE,FALSE
61240,TRUE,FALSE,TRUE,TRUE
61242,FALSE,TRUE,TRUE,FALSE
61243,FALSE,FALSE,TRUE,FALSE
61246,FALSE,FALSE,TRUE,FALSE
61247,TRUE,TRUE,TRUE,FALSE
61249,FALSE,FALSE,TRUE,FALSE
61253,TRUE,TRUE,FALSE,TRUE
61254,FALSE,TRUE,TRUE,FALSE
61255,TRUE,TRUE,TRUE,FALSE
61256,TRUE,TRUE,TRUE,FALSE
61257,FALSE,TRUE,FALSE,FALSE
61260,FALSE,FALSE,FALSE,TRUE
61261,FALSE,FALSE,FALSE,FALSE
61262,TRUE,TRUE,TRUE,TRUE
61264,TRUE,TRUE,TRUE,FALSE
61265,TRUE,TRUE,TRUE,FALSE
61269,FALSE,FALSE,FALSE,FALSE
61271,FALSE,FALSE,FALSE,FALSE
61274,FALSE,FALSE,TRUE,FALSE
61275,FALSE,TRUE,TRUE,FALSE
61278,TRUE,TRUE,TRUE,FALSE
61279,FALSE,FALSE,FALSE,FALSE
61282,FALSE,FALSE,FALSE,FALSE
61283,FALSE,FALSE,FALSE,FALSE
61285,FALSE,TRUE,FALSE,TRUE
61286,FALSE,TRUE,TRUE,FALSE
61290,TRUE,TRUE,TRUE,TRUE
61295,FALSE,FALSE,FALSE,FALSE
61296,FALSE,FALSE,FALSE,FALSE
61297,FALSE,FALSE,FALSE,FALSE
61301,FALSE,FALSE,TRUE,TRUE
61303,FALSE,TRUE,TRUE,FALSE
61308,FALSE,FALSE,TRUE,FALSE
61309,TRUE,TRUE,TRUE,FALSE
61311,FALSE,FALSE,FALSE,FALSE
61312,FALSE,FALSE,FALSE,FALSE
61315,FALSE,TRUE,TRUE,FALSE
61320,FALSE,FALSE,FALSE,FALSE
61321,FALSE,FALSE,TRUE,TRUE
61325,FALSE,FALSE,TRUE,FALSE
61328,FALSE,FALSE,TRUE,FALSE
61330,FALSE,FALSE,FALSE,FALSE
61331,TRUE,FALSE,TRUE,FALSE
61338,FALSE,TRUE,FALSE,TRUE
61342,FALSE,TRUE,TRUE,FALSE
61343,FALSE,FALSE,FALSE,FALSE
61345,FALSE,FALSE,FALSE,FALSE
61346,FALSE,FALSE,TRUE,FALSE
61347,FALSE,TRUE,TRUE,FALSE
61348,FALSE,FALSE,TRUE,TRUE
61349,TRUE,FALSE,FALSE,TRUE
61350,FALSE,FALSE,TRUE,FALSE
61351,FALSE,FALSE,TRUE,TRUE
61352,TRUE,TRUE,TRUE,FALSE
61359,TRUE,FALSE,FALSE,TRUE
61360,FALSE,FALSE,FALSE,FALSE
61361,FALSE,FALSE,FALSE,FALSE
61362,FALSE,FALSE,FALSE,FALSE
61363,FALSE,TRUE,TRUE,FALSE
61370,FALSE,TRUE,TRUE,FALSE
61374,FALSE,TRUE,TRUE,FALSE
61375,FALSE,FALSE,FALSE,FALSE
61381,FALSE,TRUE,TRUE,TRUE
61385,FALSE,FALSE,TRUE,FALSE
61386,FALSE,FALSE,FALSE,FALSE
61388,FALSE,FALSE,TRUE,FALSE
61391,FALSE,FALSE,TRUE,FALSE
61392,FALSE,TRUE,FALSE,FALSE
61395,FALSE,FALSE,TRUE,FALSE
61396,FALSE,FALSE,FALSE,FALSE
61398,TRUE,TRUE,TRUE,TRUE
61399,FALSE,FALSE,TRUE,FALSE
61400,TRUE,TRUE,FALSE,FALSE
61401,FALSE,FALSE,TRUE,FALSE
61402,FALSE,TRUE,TRUE,TRUE
61403,FALSE,FALSE,FALSE,FALSE
61404,FALSE,TRUE,TRUE,FALSE
61405,FALSE,FALSE,FALSE,FALSE
61407,TRUE,TRUE,TRUE,FALSE
61408,FALSE,TRUE,FALSE,FALSE
61409,FALSE,FALSE,FALSE,FALSE
61410,FALSE,FALSE,FALSE,FALSE
61412,FALSE,FALSE,FALSE,FALSE
61413,FALSE,FALSE,FALSE,FALSE
61414,FALSE,TRUE,TRUE,TRUE
61415,FALSE,TRUE,TRUE,FALSE
61416,FALSE,FALSE,TRUE,TRUE
61417,FALSE,FALSE,TRUE,FALSE
61420,FALSE,FALSE,FALSE,FALSE
61421,FALSE,FALSE,FALSE,FALSE
61422,FALSE,FALSE,TRUE,TRUE
61423,FALSE,TRUE,TRUE,FALSE
61427,FALSE,FALSE,TRUE,FALSE
61428,FALSE,FALSE,TRUE,FALSE
61429,FALSE,TRUE,TRUE,TRUE
61431,FALSE,TRUE,FALSE,TRUE
61438,FALSE,TRUE,TRUE,FALSE
61439,FALSE,FALSE,FALSE,FALSE
61441,FALSE,TRUE,TRUE,TRUE
61442,FALSE,FALSE,FALSE,FALSE
61443,FALSE,TRUE,TRUE,FALSE
61444,FALSE,FALSE,TRUE,FALSE
61445,FALSE,TRUE,TRUE,TRUE
61447,FALSE,FALSE,TRUE,FALSE
61448,FALSE,FALSE,TRUE,FALSE
61450,TRUE,TRUE,TRUE,FALSE
61451,FALSE,FALSE,TRUE,FALSE
61452,TRUE,TRUE,TRUE,TRUE
61454,FALSE,FALSE,TRUE,FALSE
61455,FALSE,FALSE,FALSE,FALSE
61456,TRUE,TRUE,FALSE,FALSE
61457,FALSE,TRUE,TRUE,FALSE
61461,FALSE,TRUE,TRUE,FALSE
61465,FALSE,TRUE,TRUE,FALSE
61469,FALSE,FALSE,FALSE,FALSE
61472,FALSE,FALSE,FALSE,FALSE
61473,FALSE,TRUE,TRUE,FALSE
61474,FALSE,FALSE,TRUE,FALSE
61475,FALSE,FALSE,FALSE,FALSE
61476,FALSE,FALSE,FALSE,FALSE
61478,FALSE,FALSE,FALSE,FALSE
61479,FALSE,TRUE,TRUE,FALSE
61480,FALSE,FALSE,TRUE,FALSE
61481,FALSE,FALSE,TRUE,FALSE
61482,FALSE,TRUE,TRUE,FALSE
61483,TRUE,TRUE,FALSE,FALSE
61484,FALSE,FALSE,TRUE,FALSE
61485,FALSE,TRUE,TRUE,FALSE
61486,FALSE,TRUE,TRUE,FALSE
61487,FALSE,FALSE,TRUE,FALSE
61489,FALSE,FALSE,TRUE,FALSE
61490,TRUE,TRUE,TRUE,FALSE
61492,TRUE,FALSE,FALSE,TRUE
61493,FALSE,FALSE,FALSE,FALSE
61495,FALSE,FALSE,TRUE,TRUE
61496,FALSE,FALSE,FALSE,FALSE
61497,FALSE,FALSE,FALSE,FALSE
61499,FALSE,FALSE,TRUE,FALSE
61500,FALSE,TRUE,TRUE,FALSE
61501,FALSE,FALSE,FALSE,FALSE
61503,TRUE,TRUE,TRUE,FALSE
61506,FALSE,FALSE,TRUE,FALSE
61511,FALSE,FALSE,TRUE,FALSE
61512,FALSE,FALSE,TRUE,FALSE
61513,FALSE,TRUE,TRUE,FALSE
61515,FALSE,FALSE,TRUE,FALSE
61516,TRUE,FALSE,FALSE,FALSE
61517,FALSE,FALSE,TRUE,FALSE
61521,FALSE,FALSE,FALSE,FALSE
61522,FALSE,FALSE,FALSE,FALSE
61523,FALSE,FALSE,FALSE,FALSE
61524,FALSE,FALSE,FALSE,FALSE
61527,TRUE,FALSE,TRUE,FALSE
61528,TRUE,TRUE,FALSE,FALSE
61529,FALSE,FALSE,TRUE,FALSE
61530,TRUE,TRUE,TRUE,FALSE
61533,FALSE,FALSE,FALSE,FALSE
61534,FALSE,FALSE,FALSE,FALSE
61535,TRUE,TRUE,TRUE,TRUE
61538,FALSE,FALSE,FALSE,FALSE
61539,FALSE,TRUE,TRUE,FALSE
61540,FALSE,TRUE,TRUE,FALSE
61542,TRUE,FALSE,TRUE,FALSE
61544,FALSE,TRUE,TRUE,FALSE
61546,FALSE,TRUE,TRUE,FALSE
61547,FALSE,FALSE,FALSE,FALSE
61548,FALSE,TRUE,TRUE,FALSE
61549,FALSE,FALSE,TRUE,FALSE
61551,FALSE,FALSE,TRUE,FALSE
61554,FALSE,FALSE,FALSE,FALSE
61555,FALSE,FALSE,TRUE,FALSE
61556,FALSE,TRUE,TRUE,TRUE
61557,FALSE,FALSE,TRUE,FALSE
61560,FALSE,FALSE,FALSE,FALSE
61561,FALSE,TRUE,FALSE,FALSE
61562,FALSE,FALSE,FALSE,FALSE
61563,FALSE,TRUE,TRUE,FALSE
61565,FALSE,FALSE,TRUE,FALSE
61566,FALSE,FALSE,TRUE,FALSE
61569,TRUE,TRUE,TRUE,FALSE
61571,FALSE,TRUE,TRUE,TRUE
61572,TRUE,TRUE,TRUE,FALSE
61573,FALSE,FALSE,TRUE,FALSE
61575,TRUE,FALSE,TRUE,FALSE
61584,FALSE,TRUE,FALSE,FALSE
61587,FALSE,TRUE,FALSE,FALSE
61588,TRUE,FALSE,TRUE,FALSE
61589,FALSE,FALSE,TRUE,TRUE
61590,FALSE,FALSE,FALSE,FALSE
61594,FALSE,TRUE,TRUE,FALSE
61600,TRUE,TRUE,FALSE,FALSE
61602,FALSE,FALSE,TRUE,FALSE
61606,FALSE,TRUE,TRUE,FALSE
61608,FALSE,FALSE,TRUE,TRUE
61609,FALSE,FALSE,TRUE,FALSE
61610,FALSE,FALSE,FALSE,FALSE
61611,FALSE,TRUE,TRUE,FALSE
61612,TRUE,TRUE,TRUE,FALSE
61613,FALSE,FALSE,FALSE,FALSE
61616,FALSE,TRUE,TRUE,FALSE
61618,FALSE,TRUE,TRUE,FALSE
61622,TRUE,FALSE,TRUE,FALSE
61626,TRUE,FALSE,TRUE,FALSE
61627,FALSE,TRUE,TRUE,FALSE
61629,FALSE,FALSE,TRUE,FALSE
61631,FALSE,FALSE,FALSE,FALSE
61634,FALSE,FALSE,TRUE,FALSE
61635,TRUE,TRUE,TRUE,TRUE
61637,FALSE,FALSE,FALSE,FALSE
61638,FALSE,TRUE,TRUE,TRUE
61639,FALSE,FALSE,FALSE,FALSE
61640,FALSE,TRUE,TRUE,FALSE
61643,FALSE,FALSE,TRUE,FALSE
61649,TRUE,TRUE,FALSE,FALSE
61650,FALSE,FALSE,TRUE,FALSE
61651,FALSE,FALSE,TRUE,FALSE
61653,FALSE,TRUE,TRUE,FALSE
61654,FALSE,FALSE,TRUE,FALSE
61655,FALSE,FALSE,TRUE,FALSE
61656,FALSE,TRUE,TRUE,FALSE
61657,FALSE,FALSE,FALSE,FALSE
61658,FALSE,FALSE,TRUE,FALSE
61659,TRUE,TRUE,TRUE,FALSE
61660,FALSE,FALSE,FALSE,FALSE
61661,FALSE,TRUE,FALSE,FALSE
61662,TRUE,FALSE,FALSE,FALSE
61665,FALSE,TRUE,FALSE,FALSE
61666,FALSE,FALSE,FALSE,FALSE
61668,FALSE,FALSE,FALSE,FALSE
61669,TRUE,FALSE,TRUE,FALSE
61671,FALSE,FALSE,FALSE,FALSE
61674,TRUE,TRUE,TRUE,FALSE
61675,FALSE,FALSE,TRUE,FALSE
61676,FALSE,FALSE,TRUE,FALSE
61677,FALSE,FALSE,TRUE,FALSE
61678,TRUE,TRUE,TRUE,FALSE
61679,FALSE,FALSE,FALSE,FALSE
61680,FALSE,FALSE,TRUE,TRUE
61681,TRUE,TRUE,FALSE,TRUE
61682,FALSE,FALSE,FALSE,FALSE
61684,FALSE,FALSE,FALSE,FALSE
61685,FALSE,FALSE,TRUE,FALSE
61686,FALSE,FALSE,FALSE,FALSE
61687,FALSE,TRUE,TRUE,FALSE
61688,TRUE,TRUE,FALSE,TRUE
61689,FALSE,FALSE,FALSE,FALSE
61693,FALSE,TRUE,TRUE,TRUE
61697,FALSE,FALSE,TRUE,FALSE
61701,FALSE,TRUE,TRUE,TRUE
61702,FALSE,FALSE,TRUE,FALSE
61703,FALSE,FALSE,TRUE,FALSE
61708,TRUE,TRUE,TRUE,FALSE
61709,FALSE,TRUE,TRUE,FALSE
61710,FALSE,FALSE,TRUE,FALSE
61711,FALSE,FALSE,FALSE,TRUE
61714,FALSE,TRUE,FALSE,FALSE
61715,TRUE,TRUE,TRUE,TRUE
61716,FALSE,TRUE,FALSE,FALSE
61718,FALSE,TRUE,TRUE,FALSE
61719,FALSE,TRUE,TRUE,TRUE
61722,FALSE,FALSE,TRUE,FALSE
61723,FALSE,TRUE,TRUE,TRUE
61724,FALSE,FALSE,TRUE,FALSE
61726,FALSE,FALSE,FALSE,FALSE
61728,FALSE,FALSE,TRUE,FALSE
61730,TRUE,TRUE,FALSE,FALSE
61731,FALSE,FALSE,FALSE,FALSE
61732,TRUE,FALSE,TRUE,TRUE
61738,FALSE,FALSE,FALSE,FALSE
61739,FALSE,FALSE,TRUE,FALSE
61740,FALSE,FALSE,TRUE,FALSE
61745,FALSE,FALSE,TRUE,FALSE
61746,FALSE,TRUE,TRUE,TRUE
61747,FALSE,FALSE,TRUE,FALSE
61748,FALSE,TRUE,TRUE,FALSE
61749,TRUE,TRUE,TRUE,FALSE
61750,FALSE,TRUE,TRUE,FALSE
61752,FALSE,FALSE,FALSE,FALSE
61753,FALSE,FALSE,TRUE,TRUE
61765,FALSE,TRUE,TRUE,FALSE
61768,FALSE,FALSE,FALSE,FALSE
61778,FALSE,TRUE,TRUE,FALSE
61779,FALSE,FALSE,FALSE,FALSE
61780,FALSE,FALSE,FALSE,FALSE
61781,FALSE,FALSE,FALSE,FALSE
61782,FALSE,FALSE,FALSE,FALSE
61789,FALSE,FALSE,TRUE,FALSE
61790,FALSE,FALSE,TRUE,FALSE
61792,FALSE,TRUE,TRUE,TRUE
61794,FALSE,FALSE,TRUE,FALSE
61795,FALSE,FALSE,TRUE,FALSE
61797,FALSE,FALSE,TRUE,FALSE
61800,FALSE,TRUE,FALSE,FALSE
61813,FALSE,TRUE,TRUE,TRUE
61814,FALSE,FALSE,TRUE,FALSE
61816,FALSE,TRUE,TRUE,TRUE
61817,FALSE,FALSE,FALSE,FALSE
61818,FALSE,FALSE,FALSE,FALSE
61819,FALSE,TRUE,FALSE,FALSE
61825,FALSE,FALSE,FALSE,FALSE
61828,FALSE,TRUE,TRUE,FALSE
61830,FALSE,FALSE,FALSE,FALSE
61831,FALSE,FALSE,FALSE,FALSE
61839,TRUE,FALSE,TRUE,FALSE
61840,FALSE,FALSE,TRUE,FALSE
61842,FALSE,FALSE,FALSE,FALSE
61843,FALSE,TRUE,TRUE,TRUE
61844,FALSE,TRUE,TRUE,FALSE
61848,FALSE,TRUE,TRUE,TRUE
61849,FALSE,FALSE,TRUE,FALSE
61858,FALSE,FALSE,FALSE,FALSE
61859,FALSE,FALSE,FALSE,FALSE
61860,FALSE,FALSE,TRUE,FALSE
61865,FALSE,FALSE,TRUE,FALSE
61867,FALSE,FALSE,TRUE,FALSE
61869,TRUE,TRUE,TRUE,FALSE
61870,FALSE,FALSE,FALSE,FALSE
61871,FALSE,FALSE,TRUE,FALSE
61873,TRUE,TRUE,TRUE,FALSE
61877,FALSE,FALSE,FALSE,FALSE
61879,FALSE,FALSE,FALSE,FALSE
61881,FALSE,TRUE,TRUE,FALSE
61882,FALSE,TRUE,TRUE,FALSE
61887,FALSE,TRUE,TRUE,FALSE
61888,FALSE,FALSE,TRUE,FALSE
61889,FALSE,TRUE,TRUE,TRUE
61890,FALSE,FALSE,FALSE,FALSE
61891,FALSE,FALSE,TRUE,FALSE
61892,FALSE,FALSE,TRUE,FALSE
61893,FALSE,FALSE,FALSE,FALSE
61894,FALSE,FALSE,FALSE,FALSE
61896,TRUE,TRUE,TRUE,FALSE
61897,FALSE,TRUE,TRUE,FALSE
61900,FALSE,TRUE,TRUE,TRUE
61902,FALSE,FALSE,FALSE,FALSE
61903,FALSE,FALSE,FALSE,FALSE
61905,FALSE,TRUE,TRUE,TRUE
61906,FALSE,TRUE,TRUE,FALSE
61908,FALSE,FALSE,TRUE,FALSE
61910,FALSE,FALSE,FALSE,FALSE
61911,TRUE,FALSE,TRUE,FALSE
61912,FALSE,FALSE,FALSE,FALSE
61913,FALSE,FALSE,TRUE,FALSE
61914,FALSE,TRUE,TRUE,FALSE
61916,FALSE,FALSE,FALSE,FALSE
61919,FALSE,FALSE,FALSE,FALSE
61922,FALSE,TRUE,TRUE,FALSE
61923,FALSE,TRUE,TRUE,FALSE
61924,FALSE,FALSE,FALSE,FALSE
61925,FALSE,FALSE,TRUE,FALSE
61926,FALSE,FALSE,FALSE,FALSE
61927,FALSE,FALSE,TRUE,FALSE
61929,FALSE,FALSE,FALSE,FALSE
61930,FALSE,FALSE,TRUE,FALSE
61931,FALSE,FALSE,FALSE,FALSE
61932,FALSE,FALSE,TRUE,FALSE
61933,TRUE,TRUE,TRUE,TRUE
61934,FALSE,FALSE,FALSE,FALSE
61935,FALSE,FALSE,TRUE,FALSE
61936,TRUE,TRUE,TRUE,FALSE
61937,FALSE,FALSE,FALSE,FALSE
61943,FALSE,FALSE,FALSE,TRUE
61944,TRUE,TRUE,TRUE,FALSE
61945,FALSE,FALSE,FALSE,FALSE
61946,FALSE,FALSE,FALSE,FALSE
61950,FALSE,FALSE,FALSE,FALSE
61951,FALSE,FALSE,TRUE,FALSE
61952,TRUE,TRUE,TRUE,FALSE
61953,FALSE,TRUE,TRUE,FALSE
61954,FALSE,FALSE,TRUE,FALSE
61955,FALSE,FALSE,TRUE,FALSE
61959,FALSE,FALSE,FALSE,FALSE
61960,FALSE,FALSE,FALSE,FALSE
61963,FALSE,FALSE,TRUE,TRUE
61966,FALSE,FALSE,FALSE,FALSE
61967,FALSE,FALSE,TRUE,FALSE
61968,FALSE,FALSE,TRUE,FALSE
61969,FALSE,FALSE,TRUE,FALSE
61973,TRUE,FALSE,TRUE,TRUE
61979,FALSE,FALSE,FALSE,FALSE
61980,FALSE,FALSE,TRUE,FALSE
61981,FALSE,FALSE,FALSE,FALSE
61983,FALSE,FALSE,TRUE,TRUE
61985,FALSE,TRUE,TRUE,FALSE
61986,FALSE,TRUE,TRUE,FALSE
61987,FALSE,FALSE,FALSE,TRUE
61988,FALSE,TRUE,TRUE,FALSE
61990,FALSE,FALSE,FALSE,FALSE
61991,FALSE,FALSE,FALSE,FALSE
61992,FALSE,FALSE,FALSE,FALSE
61993,FALSE,FALSE,FALSE,FALSE
61994,TRUE,TRUE,TRUE,TRUE
61995,FALSE,FALSE,TRUE,TRUE
61996,FALSE,FALSE,FALSE,FALSE
61997,TRUE,FALSE,TRUE,FALSE
61998,FALSE,FALSE,FALSE,FALSE
61999,FALSE,FALSE,FALSE,FALSE
62007,FALSE,FALSE,TRUE,FALSE
62008,TRUE,FALSE,TRUE,TRUE
62014,FALSE,FALSE,TRUE,FALSE
62016,FALSE,TRUE,TRUE,TRUE
62030,FALSE,FALSE,FALSE,TRUE
62031,FALSE,FALSE,TRUE,FALSE
62032,FALSE,TRUE,TRUE,FALSE
62033,FALSE,FALSE,TRUE,FALSE
62034,TRUE,FALSE,TRUE,FALSE
62035,FALSE,FALSE,FALSE,FALSE
62040,FALSE,FALSE,FALSE,FALSE
62041,FALSE,FALSE,TRUE,FALSE
62042,FALSE,TRUE,TRUE,FALSE
62043,FALSE,FALSE,FALSE,FALSE
62044,FALSE,TRUE,TRUE,FALSE
62047,FALSE,FALSE,TRUE,FALSE
62048,FALSE,FALSE,FALSE,FALSE
62049,FALSE,FALSE,TRUE,FALSE
62051,FALSE,FALSE,TRUE,FALSE
62054,FALSE,FALSE,TRUE,TRUE
62058,FALSE,FALSE,TRUE,TRUE
62060,FALSE,FALSE,TRUE,FALSE
62061,FALSE,FALSE,TRUE,FALSE
62064,TRUE,TRUE,TRUE,FALSE
62065,FALSE,FALSE,TRUE,FALSE
62067,FALSE,FALSE,FALSE,FALSE
62069,FALSE,FALSE,FALSE,FALSE
62070,FALSE,FALSE,FALSE,FALSE
62071,FALSE,TRUE,FALSE,FALSE
62072,FALSE,TRUE,FALSE,TRUE
62075,TRUE,TRUE,TRUE,FALSE
62077,FALSE,TRUE,FALSE,FALSE
62078,TRUE,TRUE,TRUE,FALSE
62080,FALSE,FALSE,TRUE,FALSE
62081,FALSE,FALSE,TRUE,FALSE
62084,TRUE,FALSE,FALSE,FALSE
62085,TRUE,TRUE,TRUE,FALSE
62087,FALSE,TRUE,TRUE,FALSE
62088,FALSE,FALSE,TRUE,FALSE
62089,FALSE,FALSE,TRUE,FALSE
62090,TRUE,FALSE,TRUE,FALSE
62091,FALSE,FALSE,FALSE,FALSE
62092,FALSE,TRUE,TRUE,FALSE
62093,FALSE,TRUE,TRUE,FALSE
62094,FALSE,FALSE,FALSE,FALSE
62095,FALSE,FALSE,FALSE,FALSE
62096,FALSE,TRUE,FALSE,FALSE
62097,FALSE,TRUE,TRUE,FALSE
62098,FALSE,TRUE,TRUE,FALSE
62099,FALSE,TRUE,TRUE,FALSE
62101,TRUE,FALSE,TRUE,FALSE
62110,FALSE,TRUE,TRUE,FALSE
62112,FALSE,FALSE,FALSE,FALSE
62113,FALSE,FALSE,FALSE,FALSE
62114,FALSE,FALSE,TRUE,FALSE
62115,TRUE,TRUE,TRUE,FALSE
62117,FALSE,FALSE,TRUE,FALSE
62119,FALSE,FALSE,TRUE,FALSE
62121,FALSE,FALSE,FALSE,FALSE
62122,FALSE,FALSE,TRUE,FALSE
62123,TRUE,FALSE,TRUE,FALSE
62124,FALSE,TRUE,TRUE,FALSE
62125,FALSE,FALSE,TRUE,FALSE
62126,TRUE,FALSE,FALSE,FALSE
62127,FALSE,FALSE,FALSE,FALSE
62132,TRUE,TRUE,TRUE,FALSE
62133,FALSE,FALSE,TRUE,FALSE
62134,FALSE,FALSE,FALSE,FALSE
62135,FALSE,TRUE,TRUE,FALSE
62136,FALSE,FALSE,FALSE,FALSE
62137,FALSE,TRUE,FALSE,TRUE
62138,TRUE,FALSE,TRUE,TRUE
62144,FALSE,TRUE,FALSE,FALSE
62146,TRUE,FALSE,FALSE,FALSE
62147,FALSE,FALSE,TRUE,FALSE
62148,FALSE,FALSE,FALSE,FALSE
62149,TRUE,TRUE,TRUE,FALSE
62150,FALSE,FALSE,FALSE,FALSE
62153,FALSE,FALSE,TRUE,TRUE
62156,TRUE,TRUE,TRUE,FALSE
62158,FALSE,FALSE,FALSE,TRUE
62163,TRUE,FALSE,TRUE,FALSE
62165,FALSE,FALSE,FALSE,FALSE
62166,TRUE,FALSE,TRUE,FALSE
62168,FALSE,TRUE,TRUE,FALSE
62169,FALSE,FALSE,FALSE,FALSE
62173,FALSE,FALSE,TRUE,FALSE
62177,FALSE,FALSE,TRUE,FALSE
62178,FALSE,FALSE,TRUE,FALSE
62179,FALSE,FALSE,TRUE,TRUE
62181,FALSE,FALSE,FALSE,FALSE
62184,FALSE,FALSE,TRUE,FALSE
62186,FALSE,FALSE,TRUE,FALSE
62188,FALSE,FALSE,TRUE,TRUE
62189,FALSE,TRUE,TRUE,TRUE
62196,TRUE,FALSE,TRUE,TRUE
62197,FALSE,FALSE,FALSE,FALSE
62198,FALSE,FALSE,FALSE,FALSE
62199,FALSE,FALSE,TRUE,FALSE
62202,FALSE,FALSE,TRUE,FALSE
62204,TRUE,FALSE,TRUE,FALSE
62205,TRUE,FALSE,FALSE,FALSE
62208,FALSE,FALSE,FALSE,FALSE
62209,TRUE,TRUE,TRUE,FALSE
62211,TRUE,FALSE,FALSE,FALSE
62212,FALSE,FALSE,TRUE,FALSE
62213,FALSE,FALSE,TRUE,TRUE
62214,FALSE,TRUE,FALSE,FALSE
62219,FALSE,FALSE,FALSE,FALSE
62220,TRUE,FALSE,FALSE,FALSE
62221,FALSE,FALSE,FALSE,FALSE
62222,FALSE,FALSE,FALSE,FALSE
62228,FALSE,FALSE,FALSE,FALSE
62230,FALSE,FALSE,TRUE,TRUE
62232,FALSE,FALSE,FALSE,FALSE
62235,FALSE,FALSE,TRUE,FALSE
62237,FALSE,FALSE,TRUE,FALSE
62244,FALSE,FALSE,TRUE,FALSE
62248,FALSE,FALSE,FALSE,FALSE
62249,FALSE,FALSE,FALSE,FALSE
62250,FALSE,FALSE,FALSE,FALSE
62251,FALSE,TRUE,TRUE,FALSE
62252,FALSE,FALSE,FALSE,FALSE
62253,FALSE,FALSE,TRUE,FALSE
62254,FALSE,TRUE,TRUE,TRUE
62255,FALSE,TRUE,TRUE,FALSE
62258,FALSE,TRUE,TRUE,FALSE
62262,FALSE,FALSE,TRUE,FALSE
62263,FALSE,FALSE,TRUE,FALSE
62269,FALSE,FALSE,FALSE,FALSE
62271,FALSE,TRUE,TRUE,TRUE
62274,FALSE,FALSE,FALSE,FALSE
62275,TRUE,FALSE,FALSE,FALSE
62276,FALSE,TRUE,FALSE,FALSE
62277,TRUE,TRUE,TRUE,TRUE
62279,FALSE,FALSE,FALSE,FALSE
62280,FALSE,FALSE,FALSE,FALSE
62282,FALSE,FALSE,FALSE,FALSE
62283,FALSE,FALSE,TRUE,FALSE
62284,FALSE,FALSE,TRUE,FALSE
62285,FALSE,FALSE,TRUE,FALSE
62286,FALSE,FALSE,FALSE,FALSE
62287,FALSE,FALSE,FALSE,FALSE
62288,TRUE,FALSE,TRUE,FALSE
62289,FALSE,TRUE,TRUE,FALSE
62290,FALSE,FALSE,FALSE,FALSE
62291,FALSE,TRUE,TRUE,FALSE
62292,FALSE,FALSE,FALSE,FALSE
62293,FALSE,FALSE,TRUE,TRUE
62294,FALSE,TRUE,TRUE,FALSE
62295,FALSE,FALSE,TRUE,FALSE
62296,TRUE,TRUE,TRUE,FALSE
62299,FALSE,FALSE,FALSE,FALSE
62301,FALSE,FALSE,TRUE,FALSE
62304,FALSE,TRUE,TRUE,TRUE
62305,TRUE,TRUE,TRUE,FALSE
62306,FALSE,FALSE,TRUE,FALSE
62307,FALSE,FALSE,TRUE,FALSE
62313,FALSE,TRUE,FALSE,TRUE
62314,FALSE,TRUE,FALSE,FALSE
62320,FALSE,FALSE,TRUE,FALSE
62321,FALSE,FALSE,FALSE,FALSE
62323,FALSE,FALSE,TRUE,FALSE
62327,FALSE,FALSE,FALSE,FALSE
62331,TRUE,FALSE,TRUE,TRUE
62334,FALSE,TRUE,TRUE,FALSE
62335,FALSE,FALSE,FALSE,FALSE
62336,FALSE,TRUE,TRUE,FALSE
62337,FALSE,FALSE,FALSE,FALSE
62339,FALSE,FALSE,FALSE,FALSE
62349,FALSE,FALSE,TRUE,FALSE
62351,FALSE,FALSE,TRUE,FALSE
62355,FALSE,FALSE,TRUE,FALSE
62365,TRUE,TRUE,TRUE,FALSE
62380,FALSE,FALSE,TRUE,FALSE
62381,FALSE,FALSE,FALSE,FALSE
62390,FALSE,TRUE,TRUE,TRUE
62392,TRUE,TRUE,FALSE,TRUE
62394,FALSE,TRUE,FALSE,FALSE
62403,FALSE,FALSE,FALSE,FALSE
62409,FALSE,FALSE,TRUE,TRUE
62456,TRUE,TRUE,FALSE,TRUE
62465,FALSE,FALSE,TRUE,FALSE
