"CASE_ID","Placement","Housing","BasicNeeds","FSC","PlacementAsY","CloseTimes","Duration"
28892,TRUE,FALSE,FALSE,FALSE,FALSE,3,0
28994,FALSE,TRUE,TRUE,TRUE,TRUE,2,92
29003,TRUE,TRUE,TRUE,TRUE,FALSE,3,184
29057,TRUE,TRUE,TRUE,FALSE,FALSE,3,92
29128,TRUE,FALSE,TRUE,FALSE,FALSE,2,397
29164,FALSE,FALSE,TRUE,FALSE,FALSE,3,62
29206,FALSE,TRUE,TRUE,TRUE,FALSE,6,184
29350,TRUE,TRUE,TRUE,FALSE,FALSE,3,62
29521,TRUE,TRUE,FALSE,FALSE,FALSE,2,245
29540,TRUE,TRUE,TRUE,TRUE,TRUE,4,306
29578,FALSE,TRUE,TRUE,FALSE,FALSE,1,123
29589,TRUE,FALSE,TRUE,FALSE,FALSE,2,92
29594,TRUE,FALSE,TRUE,TRUE,FALSE,2,62
29646,TRUE,TRUE,TRUE,FALSE,FALSE,2,337
29666,TRUE,FALSE,TRUE,TRUE,FALSE,2,30
29668,TRUE,TRUE,TRUE,TRUE,FALSE,3,123
29671,FALSE,FALSE,TRUE,FALSE,FALSE,2,62
29679,FALSE,FALSE,TRUE,FALSE,FALSE,2,122
29710,TRUE,TRUE,TRUE,TRUE,FALSE,2,31
29734,TRUE,TRUE,TRUE,TRUE,TRUE,3,62
29901,FALSE,TRUE,FALSE,TRUE,TRUE,3,123
29913,FALSE,TRUE,TRUE,FALSE,FALSE,1,92
29935,FALSE,TRUE,TRUE,FALSE,FALSE,2,31
29968,TRUE,TRUE,TRUE,TRUE,TRUE,3,397
29980,FALSE,TRUE,TRUE,FALSE,FALSE,3,213
30096,FALSE,TRUE,FALSE,TRUE,FALSE,3,245
30100,TRUE,TRUE,TRUE,TRUE,TRUE,3,62
30102,FALSE,TRUE,TRUE,FALSE,TRUE,4,153
30151,TRUE,TRUE,TRUE,FALSE,TRUE,4,306
30163,TRUE,TRUE,TRUE,TRUE,FALSE,3,337
30171,FALSE,TRUE,TRUE,FALSE,FALSE,5,153
30249,TRUE,FALSE,TRUE,TRUE,TRUE,2,337
30290,TRUE,FALSE,FALSE,FALSE,FALSE,2,337
30342,TRUE,TRUE,TRUE,FALSE,FALSE,2,123
30346,FALSE,FALSE,TRUE,FALSE,TRUE,3,245
30368,TRUE,TRUE,TRUE,TRUE,FALSE,3,276
30383,FALSE,FALSE,TRUE,FALSE,FALSE,3,92
30442,TRUE,TRUE,FALSE,TRUE,TRUE,2,215
30444,TRUE,TRUE,TRUE,FALSE,TRUE,3,276
30452,TRUE,TRUE,TRUE,TRUE,TRUE,3,366
30495,TRUE,TRUE,TRUE,TRUE,TRUE,2,215
30516,FALSE,TRUE,TRUE,TRUE,TRUE,3,276
30572,TRUE,TRUE,TRUE,FALSE,FALSE,3,276
30643,TRUE,TRUE,TRUE,FALSE,FALSE,2,182
30645,TRUE,TRUE,TRUE,TRUE,TRUE,3,92
30648,TRUE,TRUE,TRUE,TRUE,TRUE,2,153
30670,FALSE,TRUE,TRUE,FALSE,TRUE,2,244
30701,FALSE,TRUE,TRUE,TRUE,FALSE,2,30
30737,TRUE,TRUE,TRUE,FALSE,FALSE,4,215
30743,FALSE,TRUE,TRUE,TRUE,FALSE,3,123
30747,FALSE,TRUE,TRUE,TRUE,FALSE,6,92
30772,FALSE,FALSE,TRUE,FALSE,FALSE,3,31
30779,TRUE,TRUE,TRUE,TRUE,TRUE,3,92
30788,FALSE,FALSE,TRUE,TRUE,TRUE,3,62
30869,TRUE,FALSE,TRUE,FALSE,FALSE,5,62
30901,TRUE,TRUE,TRUE,FALSE,FALSE,2,30
30902,TRUE,TRUE,TRUE,FALSE,FALSE,2,245
30905,FALSE,FALSE,TRUE,FALSE,FALSE,2,0
30943,TRUE,TRUE,TRUE,TRUE,FALSE,6,0
30990,TRUE,TRUE,TRUE,TRUE,FALSE,6,245
31041,FALSE,TRUE,TRUE,TRUE,FALSE,2,92
31052,TRUE,FALSE,FALSE,FALSE,FALSE,2,31
31053,TRUE,FALSE,TRUE,FALSE,FALSE,6,397
31119,TRUE,TRUE,TRUE,TRUE,TRUE,3,92
31188,FALSE,TRUE,TRUE,FALSE,FALSE,3,397
31197,TRUE,TRUE,TRUE,FALSE,TRUE,2,245
31209,FALSE,TRUE,TRUE,TRUE,TRUE,4,276
31219,FALSE,FALSE,TRUE,TRUE,FALSE,2,62
31258,FALSE,TRUE,TRUE,TRUE,FALSE,4,276
31285,TRUE,FALSE,TRUE,FALSE,FALSE,3,243
31314,TRUE,FALSE,TRUE,TRUE,TRUE,3,153
31316,TRUE,TRUE,TRUE,FALSE,FALSE,2,91
31339,TRUE,FALSE,TRUE,FALSE,TRUE,3,31
31341,TRUE,FALSE,TRUE,TRUE,FALSE,4,153
31368,TRUE,TRUE,TRUE,TRUE,FALSE,4,245
31520,TRUE,FALSE,TRUE,TRUE,TRUE,2,397
31523,FALSE,TRUE,TRUE,FALSE,FALSE,3,153
31524,TRUE,FALSE,TRUE,TRUE,TRUE,3,62
31540,TRUE,TRUE,TRUE,TRUE,TRUE,4,30
31600,FALSE,TRUE,TRUE,TRUE,FALSE,5,276
31610,TRUE,TRUE,TRUE,TRUE,TRUE,6,123
31652,TRUE,FALSE,TRUE,TRUE,FALSE,3,276
31659,FALSE,TRUE,TRUE,FALSE,FALSE,2,31
31661,TRUE,FALSE,TRUE,FALSE,TRUE,2,153
31683,TRUE,TRUE,TRUE,FALSE,FALSE,3,153
31707,FALSE,TRUE,TRUE,TRUE,FALSE,3,60
31712,TRUE,TRUE,TRUE,FALSE,FALSE,5,92
31718,TRUE,TRUE,TRUE,TRUE,FALSE,5,153
31734,TRUE,TRUE,TRUE,FALSE,FALSE,5,153
31772,TRUE,TRUE,TRUE,TRUE,TRUE,2,366
31779,TRUE,TRUE,TRUE,FALSE,FALSE,2,397
31782,TRUE,TRUE,TRUE,FALSE,TRUE,3,62
31795,TRUE,FALSE,FALSE,FALSE,FALSE,2,31
31796,FALSE,TRUE,TRUE,TRUE,FALSE,5,62
31812,TRUE,TRUE,TRUE,TRUE,FALSE,3,276
31826,TRUE,TRUE,TRUE,FALSE,TRUE,4,397
31835,TRUE,TRUE,TRUE,FALSE,FALSE,3,245
31837,TRUE,TRUE,TRUE,TRUE,FALSE,4,61
31853,TRUE,FALSE,TRUE,FALSE,TRUE,2,306
31856,TRUE,FALSE,TRUE,TRUE,FALSE,2,306
31869,TRUE,FALSE,TRUE,FALSE,FALSE,3,183
31884,TRUE,TRUE,TRUE,FALSE,TRUE,3,215
31942,TRUE,TRUE,TRUE,TRUE,FALSE,3,122
31962,TRUE,FALSE,TRUE,FALSE,TRUE,4,245
31978,FALSE,FALSE,TRUE,FALSE,FALSE,2,306
31991,FALSE,TRUE,TRUE,TRUE,FALSE,4,184
31999,TRUE,TRUE,TRUE,TRUE,FALSE,2,274
32007,TRUE,TRUE,TRUE,TRUE,FALSE,4,184
32048,FALSE,TRUE,TRUE,FALSE,FALSE,2,92
32055,FALSE,TRUE,TRUE,FALSE,FALSE,2,92
32078,TRUE,TRUE,TRUE,FALSE,FALSE,3,0
32086,TRUE,TRUE,TRUE,TRUE,TRUE,4,215
32091,TRUE,FALSE,TRUE,TRUE,TRUE,3,123
32095,TRUE,TRUE,TRUE,TRUE,TRUE,3,153
32124,TRUE,TRUE,TRUE,FALSE,FALSE,2,306
32169,FALSE,TRUE,FALSE,TRUE,FALSE,3,92
32209,FALSE,FALSE,FALSE,FALSE,FALSE,2,92
32274,TRUE,TRUE,TRUE,TRUE,FALSE,2,92
32301,FALSE,FALSE,TRUE,FALSE,TRUE,2,245
32324,TRUE,TRUE,TRUE,TRUE,FALSE,5,62
32334,TRUE,FALSE,TRUE,TRUE,FALSE,5,245
32397,TRUE,TRUE,TRUE,FALSE,TRUE,2,366
32418,FALSE,TRUE,TRUE,FALSE,FALSE,3,90
32428,FALSE,TRUE,TRUE,TRUE,FALSE,2,123
32478,FALSE,TRUE,TRUE,FALSE,TRUE,2,276
32542,TRUE,TRUE,TRUE,FALSE,TRUE,5,214
32604,TRUE,FALSE,TRUE,FALSE,FALSE,2,215
32613,TRUE,TRUE,TRUE,FALSE,TRUE,3,337
32615,FALSE,FALSE,TRUE,FALSE,TRUE,4,60
32659,TRUE,TRUE,TRUE,TRUE,FALSE,4,276
32668,FALSE,FALSE,FALSE,FALSE,FALSE,5,91
32680,TRUE,TRUE,TRUE,FALSE,FALSE,4,92
32716,FALSE,TRUE,TRUE,TRUE,TRUE,3,122
32731,TRUE,TRUE,FALSE,TRUE,FALSE,4,122
32754,FALSE,FALSE,TRUE,FALSE,FALSE,3,92
32790,TRUE,TRUE,TRUE,FALSE,FALSE,3,62
32801,FALSE,FALSE,TRUE,FALSE,TRUE,3,62
32809,FALSE,TRUE,TRUE,TRUE,FALSE,2,214
32839,TRUE,FALSE,TRUE,FALSE,FALSE,3,61
32902,FALSE,TRUE,TRUE,FALSE,TRUE,6,92
32945,FALSE,FALSE,FALSE,TRUE,FALSE,4,123
32961,TRUE,TRUE,TRUE,TRUE,FALSE,2,0
32980,FALSE,FALSE,TRUE,FALSE,FALSE,2,62
32993,TRUE,FALSE,FALSE,FALSE,TRUE,2,397
33098,TRUE,FALSE,TRUE,TRUE,FALSE,2,276
33101,FALSE,TRUE,TRUE,FALSE,TRUE,2,276
33102,FALSE,TRUE,TRUE,FALSE,TRUE,3,123
33135,TRUE,FALSE,TRUE,TRUE,TRUE,6,366
33138,FALSE,TRUE,TRUE,TRUE,FALSE,2,184
33139,TRUE,TRUE,TRUE,TRUE,TRUE,4,62
33170,FALSE,FALSE,TRUE,FALSE,FALSE,3,61
33197,FALSE,FALSE,FALSE,FALSE,FALSE,2,304
33255,TRUE,FALSE,TRUE,FALSE,FALSE,2,153
33268,FALSE,TRUE,TRUE,TRUE,TRUE,2,245
33274,FALSE,TRUE,TRUE,FALSE,TRUE,2,276
33289,FALSE,TRUE,TRUE,TRUE,FALSE,3,0
33301,TRUE,TRUE,TRUE,TRUE,FALSE,3,123
33339,FALSE,FALSE,TRUE,TRUE,TRUE,3,123
33342,FALSE,TRUE,TRUE,TRUE,TRUE,2,62
33349,TRUE,FALSE,TRUE,TRUE,FALSE,4,276
33366,TRUE,FALSE,TRUE,FALSE,TRUE,2,306
33405,FALSE,TRUE,TRUE,FALSE,FALSE,2,123
33410,FALSE,FALSE,TRUE,FALSE,TRUE,5,123
33413,TRUE,TRUE,TRUE,FALSE,FALSE,3,122
33453,TRUE,FALSE,TRUE,TRUE,FALSE,3,276
33472,TRUE,TRUE,TRUE,TRUE,FALSE,3,92
33514,FALSE,FALSE,TRUE,FALSE,FALSE,3,123
33598,TRUE,TRUE,TRUE,TRUE,FALSE,4,90
33624,TRUE,TRUE,TRUE,FALSE,FALSE,2,306
33648,FALSE,TRUE,TRUE,FALSE,FALSE,4,92
33651,FALSE,FALSE,TRUE,FALSE,FALSE,4,30
33671,FALSE,FALSE,FALSE,FALSE,TRUE,5,215
33673,TRUE,TRUE,TRUE,FALSE,TRUE,5,215
33692,TRUE,TRUE,TRUE,TRUE,TRUE,3,306
33693,TRUE,FALSE,FALSE,FALSE,FALSE,2,121
33700,FALSE,TRUE,TRUE,FALSE,FALSE,2,91
33724,FALSE,FALSE,FALSE,FALSE,FALSE,5,122
33771,FALSE,FALSE,TRUE,FALSE,TRUE,2,30
33809,FALSE,FALSE,FALSE,TRUE,FALSE,2,122
33820,TRUE,TRUE,TRUE,FALSE,FALSE,4,151
33824,FALSE,TRUE,TRUE,FALSE,TRUE,3,245
33841,TRUE,TRUE,TRUE,FALSE,FALSE,2,122
33876,FALSE,FALSE,TRUE,FALSE,FALSE,2,274
33902,FALSE,FALSE,TRUE,FALSE,TRUE,2,31
33904,TRUE,FALSE,TRUE,FALSE,FALSE,2,92
33941,FALSE,TRUE,TRUE,TRUE,TRUE,2,184
33950,FALSE,TRUE,TRUE,FALSE,FALSE,2,306
33958,FALSE,FALSE,TRUE,FALSE,FALSE,2,397
34021,FALSE,FALSE,TRUE,FALSE,FALSE,2,153
34082,TRUE,TRUE,TRUE,TRUE,TRUE,3,92
34126,FALSE,TRUE,TRUE,TRUE,FALSE,2,62
34145,FALSE,TRUE,TRUE,TRUE,FALSE,3,61
34154,TRUE,TRUE,TRUE,FALSE,FALSE,2,337
34155,FALSE,TRUE,TRUE,FALSE,TRUE,3,366
34193,FALSE,TRUE,TRUE,FALSE,FALSE,5,183
34279,FALSE,TRUE,TRUE,TRUE,FALSE,5,62
34312,TRUE,TRUE,FALSE,FALSE,FALSE,3,215
34319,TRUE,FALSE,TRUE,FALSE,TRUE,2,123
34341,TRUE,TRUE,TRUE,TRUE,TRUE,3,30
34622,TRUE,TRUE,TRUE,TRUE,FALSE,3,276
34771,TRUE,TRUE,TRUE,FALSE,FALSE,3,62
34779,TRUE,FALSE,TRUE,TRUE,TRUE,3,184
34815,FALSE,TRUE,TRUE,FALSE,FALSE,2,366
34842,FALSE,FALSE,TRUE,TRUE,FALSE,2,62
34851,TRUE,TRUE,TRUE,TRUE,FALSE,3,30
34866,FALSE,TRUE,TRUE,FALSE,FALSE,4,245
34868,FALSE,FALSE,TRUE,TRUE,FALSE,2,153
34871,FALSE,FALSE,FALSE,TRUE,TRUE,4,184
34889,FALSE,FALSE,TRUE,FALSE,FALSE,2,153
34896,FALSE,FALSE,TRUE,TRUE,FALSE,3,276
34902,FALSE,TRUE,TRUE,FALSE,TRUE,4,92
34933,TRUE,TRUE,TRUE,FALSE,FALSE,3,276
34938,FALSE,FALSE,FALSE,FALSE,FALSE,2,30
35045,FALSE,FALSE,TRUE,TRUE,FALSE,2,276
35070,FALSE,TRUE,TRUE,FALSE,FALSE,2,60
35095,FALSE,FALSE,TRUE,TRUE,FALSE,2,62
35137,FALSE,TRUE,FALSE,FALSE,TRUE,2,306
35211,TRUE,TRUE,TRUE,FALSE,FALSE,3,31
35279,FALSE,FALSE,TRUE,TRUE,FALSE,3,122
35292,TRUE,FALSE,TRUE,TRUE,FALSE,2,123
35343,TRUE,TRUE,TRUE,TRUE,FALSE,4,92
35460,FALSE,FALSE,TRUE,FALSE,FALSE,3,306
35475,TRUE,TRUE,TRUE,TRUE,FALSE,3,92
35485,FALSE,TRUE,TRUE,FALSE,FALSE,3,0
35486,TRUE,TRUE,TRUE,FALSE,TRUE,3,306
35495,FALSE,TRUE,TRUE,TRUE,FALSE,4,0
36008,FALSE,TRUE,TRUE,FALSE,TRUE,3,31
36714,FALSE,FALSE,TRUE,FALSE,FALSE,2,62
37967,TRUE,TRUE,TRUE,TRUE,TRUE,4,397
38507,FALSE,FALSE,TRUE,FALSE,FALSE,2,397
39033,TRUE,TRUE,FALSE,FALSE,FALSE,2,153
39138,TRUE,TRUE,TRUE,FALSE,FALSE,2,184
39146,TRUE,FALSE,TRUE,FALSE,FALSE,2,184
39179,FALSE,FALSE,TRUE,FALSE,FALSE,3,245
39962,TRUE,TRUE,TRUE,TRUE,FALSE,2,184
40541,FALSE,FALSE,FALSE,FALSE,TRUE,2,215
40747,FALSE,TRUE,TRUE,TRUE,FALSE,1,397
41622,FALSE,TRUE,TRUE,TRUE,TRUE,2,62
41785,FALSE,TRUE,TRUE,FALSE,FALSE,3,92
42009,FALSE,TRUE,TRUE,TRUE,FALSE,1,397
42049,TRUE,TRUE,TRUE,FALSE,FALSE,2,0
42175,FALSE,FALSE,TRUE,TRUE,TRUE,2,184
43069,FALSE,TRUE,TRUE,TRUE,FALSE,3,123
43283,FALSE,FALSE,FALSE,FALSE,FALSE,2,276
47057,FALSE,FALSE,TRUE,FALSE,FALSE,2,62
47089,FALSE,TRUE,TRUE,FALSE,FALSE,2,153
47106,FALSE,FALSE,TRUE,FALSE,FALSE,2,61
47149,FALSE,TRUE,FALSE,FALSE,TRUE,3,397
47157,FALSE,FALSE,TRUE,TRUE,TRUE,4,306
47220,TRUE,FALSE,TRUE,FALSE,FALSE,3,276
47253,FALSE,FALSE,TRUE,FALSE,FALSE,2,123
47271,TRUE,FALSE,FALSE,FALSE,FALSE,3,31
47289,FALSE,FALSE,TRUE,FALSE,FALSE,3,92
47530,FALSE,TRUE,FALSE,TRUE,TRUE,2,153
47536,FALSE,FALSE,TRUE,FALSE,TRUE,2,92
47572,FALSE,TRUE,TRUE,FALSE,FALSE,3,92
47573,FALSE,FALSE,TRUE,TRUE,FALSE,4,0
47590,TRUE,TRUE,TRUE,FALSE,TRUE,2,92
47592,FALSE,TRUE,TRUE,TRUE,FALSE,3,123
47653,FALSE,TRUE,TRUE,FALSE,FALSE,3,397
47655,TRUE,FALSE,TRUE,TRUE,TRUE,3,30
47678,FALSE,TRUE,TRUE,TRUE,TRUE,3,337
47740,FALSE,FALSE,TRUE,FALSE,TRUE,2,184
47767,TRUE,TRUE,TRUE,TRUE,TRUE,2,92
47775,TRUE,FALSE,TRUE,FALSE,TRUE,3,153
47804,TRUE,TRUE,TRUE,FALSE,FALSE,2,123
47829,FALSE,FALSE,TRUE,FALSE,FALSE,2,31
48227,TRUE,TRUE,TRUE,TRUE,TRUE,5,184
48241,FALSE,TRUE,TRUE,TRUE,FALSE,2,92
48256,FALSE,FALSE,FALSE,FALSE,FALSE,2,0
48289,TRUE,TRUE,TRUE,TRUE,TRUE,2,153
48296,FALSE,TRUE,TRUE,FALSE,TRUE,2,276
48337,TRUE,FALSE,TRUE,FALSE,FALSE,2,153
48361,TRUE,TRUE,TRUE,FALSE,FALSE,3,122
48366,FALSE,FALSE,TRUE,FALSE,FALSE,2,31
48398,FALSE,FALSE,TRUE,FALSE,FALSE,2,337
48433,FALSE,TRUE,TRUE,TRUE,FALSE,3,123
48475,FALSE,FALSE,TRUE,FALSE,TRUE,3,153
48488,FALSE,TRUE,TRUE,TRUE,FALSE,2,337
48526,FALSE,TRUE,TRUE,TRUE,FALSE,3,245
48532,FALSE,TRUE,TRUE,FALSE,TRUE,3,153
48539,FALSE,FALSE,TRUE,FALSE,FALSE,2,337
48555,TRUE,FALSE,TRUE,FALSE,FALSE,3,92
48565,FALSE,TRUE,TRUE,FALSE,FALSE,2,61
48613,FALSE,FALSE,TRUE,TRUE,FALSE,2,31
48665,FALSE,TRUE,TRUE,FALSE,FALSE,2,62
48717,FALSE,FALSE,TRUE,FALSE,FALSE,4,215
48721,FALSE,TRUE,TRUE,TRUE,FALSE,4,90
48753,FALSE,TRUE,TRUE,TRUE,FALSE,2,183
48756,FALSE,TRUE,TRUE,TRUE,TRUE,3,397
48776,FALSE,FALSE,TRUE,FALSE,FALSE,2,29
48782,FALSE,FALSE,TRUE,FALSE,FALSE,2,61
48805,FALSE,TRUE,TRUE,TRUE,FALSE,3,276
48810,FALSE,FALSE,FALSE,FALSE,FALSE,3,123
48817,FALSE,TRUE,TRUE,FALSE,FALSE,2,153
48820,FALSE,FALSE,TRUE,TRUE,FALSE,2,122
48828,TRUE,TRUE,TRUE,TRUE,FALSE,3,184
48851,TRUE,FALSE,TRUE,FALSE,FALSE,4,62
48879,FALSE,FALSE,TRUE,FALSE,FALSE,2,275
48947,TRUE,TRUE,TRUE,FALSE,FALSE,2,184
49016,FALSE,FALSE,TRUE,FALSE,FALSE,2,92
49055,FALSE,FALSE,TRUE,FALSE,FALSE,3,152
49081,FALSE,FALSE,TRUE,TRUE,FALSE,2,184
49086,FALSE,FALSE,TRUE,FALSE,TRUE,2,397
49188,FALSE,TRUE,TRUE,TRUE,TRUE,3,92
49410,TRUE,TRUE,TRUE,FALSE,TRUE,2,397
49447,TRUE,TRUE,TRUE,TRUE,FALSE,4,122
49456,FALSE,FALSE,TRUE,TRUE,FALSE,2,123
49551,FALSE,FALSE,TRUE,FALSE,FALSE,2,62
49562,FALSE,FALSE,TRUE,FALSE,FALSE,2,62
49568,FALSE,TRUE,TRUE,TRUE,TRUE,4,123
49584,TRUE,TRUE,TRUE,FALSE,FALSE,3,31
49634,FALSE,FALSE,TRUE,FALSE,FALSE,2,62
49662,FALSE,FALSE,TRUE,FALSE,FALSE,3,60
49678,TRUE,TRUE,TRUE,FALSE,FALSE,2,153
49680,FALSE,FALSE,TRUE,TRUE,FALSE,2,306
49689,FALSE,TRUE,TRUE,FALSE,FALSE,2,30
49740,TRUE,FALSE,TRUE,FALSE,FALSE,2,122
49870,FALSE,FALSE,TRUE,FALSE,FALSE,4,121
49946,TRUE,TRUE,TRUE,TRUE,TRUE,2,31
50096,FALSE,FALSE,TRUE,TRUE,FALSE,2,31
50199,TRUE,TRUE,TRUE,FALSE,FALSE,3,62
50263,FALSE,TRUE,TRUE,TRUE,FALSE,2,275
50545,FALSE,FALSE,TRUE,FALSE,FALSE,3,275
50644,TRUE,TRUE,TRUE,TRUE,TRUE,2,123
50647,TRUE,FALSE,TRUE,FALSE,FALSE,3,153
50662,FALSE,FALSE,TRUE,FALSE,FALSE,3,276
50805,FALSE,TRUE,TRUE,TRUE,FALSE,2,123
50813,FALSE,TRUE,TRUE,TRUE,FALSE,5,183
50815,TRUE,TRUE,TRUE,FALSE,TRUE,3,337
50867,FALSE,TRUE,TRUE,FALSE,TRUE,3,153
50874,TRUE,TRUE,TRUE,FALSE,TRUE,2,215
50942,FALSE,FALSE,FALSE,FALSE,FALSE,2,184
50985,TRUE,TRUE,TRUE,TRUE,FALSE,2,61
51053,TRUE,TRUE,TRUE,FALSE,TRUE,2,337
51085,TRUE,TRUE,TRUE,TRUE,FALSE,3,123
51098,TRUE,TRUE,TRUE,TRUE,TRUE,2,274
51129,TRUE,TRUE,TRUE,TRUE,TRUE,4,31
51132,TRUE,TRUE,TRUE,TRUE,TRUE,2,366
51178,TRUE,TRUE,TRUE,FALSE,FALSE,2,245
51184,TRUE,FALSE,TRUE,TRUE,TRUE,2,337
51196,FALSE,TRUE,TRUE,FALSE,TRUE,2,123
51306,FALSE,TRUE,TRUE,FALSE,TRUE,2,123
51334,FALSE,TRUE,TRUE,FALSE,FALSE,2,61
51337,FALSE,FALSE,TRUE,FALSE,FALSE,2,245
51343,TRUE,TRUE,TRUE,TRUE,TRUE,2,60
51388,FALSE,FALSE,FALSE,FALSE,FALSE,2,92
51404,TRUE,FALSE,TRUE,FALSE,FALSE,3,60
51416,FALSE,FALSE,TRUE,FALSE,FALSE,2,213
51473,TRUE,TRUE,TRUE,TRUE,TRUE,2,123
51485,FALSE,FALSE,TRUE,FALSE,FALSE,1,182
51645,FALSE,FALSE,TRUE,FALSE,FALSE,3,306
51650,TRUE,TRUE,TRUE,FALSE,TRUE,2,0
51689,FALSE,TRUE,TRUE,FALSE,FALSE,4,31
51692,FALSE,FALSE,FALSE,FALSE,TRUE,2,214
51693,FALSE,FALSE,FALSE,FALSE,TRUE,2,304
51696,FALSE,FALSE,FALSE,FALSE,FALSE,2,61
51908,FALSE,TRUE,FALSE,FALSE,FALSE,4,366
51910,FALSE,TRUE,TRUE,FALSE,FALSE,1,337
51922,FALSE,FALSE,TRUE,FALSE,FALSE,2,31
51950,TRUE,TRUE,TRUE,TRUE,TRUE,5,62
52005,TRUE,TRUE,FALSE,FALSE,FALSE,2,62
52058,TRUE,TRUE,TRUE,TRUE,FALSE,4,62
52085,FALSE,TRUE,TRUE,TRUE,FALSE,4,62
52145,TRUE,TRUE,TRUE,TRUE,TRUE,3,215
52184,FALSE,TRUE,TRUE,TRUE,FALSE,2,92
52204,FALSE,TRUE,TRUE,FALSE,TRUE,2,366
52223,FALSE,TRUE,TRUE,FALSE,FALSE,3,31
52239,TRUE,TRUE,TRUE,FALSE,TRUE,2,153
52276,FALSE,TRUE,TRUE,FALSE,FALSE,2,0
52283,FALSE,FALSE,FALSE,FALSE,FALSE,2,214
52302,FALSE,FALSE,TRUE,FALSE,FALSE,2,184
52338,FALSE,FALSE,TRUE,FALSE,FALSE,2,184
52343,FALSE,TRUE,TRUE,TRUE,FALSE,2,214
52359,TRUE,TRUE,TRUE,FALSE,TRUE,2,123
52372,TRUE,TRUE,TRUE,FALSE,FALSE,2,62
52375,FALSE,TRUE,TRUE,TRUE,FALSE,2,123
52396,FALSE,FALSE,TRUE,FALSE,FALSE,2,61
52405,FALSE,FALSE,TRUE,FALSE,FALSE,3,62
52485,FALSE,FALSE,TRUE,FALSE,FALSE,4,30
52546,FALSE,FALSE,TRUE,TRUE,FALSE,3,60
52552,FALSE,FALSE,TRUE,FALSE,TRUE,2,275
52761,FALSE,TRUE,TRUE,TRUE,FALSE,3,29
52926,TRUE,TRUE,TRUE,FALSE,FALSE,2,245
52937,TRUE,TRUE,TRUE,FALSE,FALSE,3,31
52947,TRUE,TRUE,FALSE,FALSE,FALSE,4,92
52964,FALSE,TRUE,TRUE,FALSE,TRUE,3,184
52971,FALSE,FALSE,TRUE,TRUE,TRUE,2,275
52976,FALSE,FALSE,TRUE,TRUE,TRUE,2,91
53000,TRUE,FALSE,TRUE,FALSE,FALSE,2,276
53005,FALSE,TRUE,TRUE,FALSE,FALSE,2,122
53054,FALSE,FALSE,FALSE,FALSE,TRUE,2,184
53115,TRUE,TRUE,TRUE,FALSE,FALSE,2,214
53194,FALSE,FALSE,TRUE,FALSE,FALSE,2,29
53200,FALSE,TRUE,TRUE,FALSE,TRUE,2,215
53205,TRUE,TRUE,TRUE,TRUE,TRUE,1,337
53215,FALSE,FALSE,TRUE,FALSE,FALSE,2,61
53264,TRUE,FALSE,TRUE,TRUE,FALSE,2,123
53266,FALSE,TRUE,TRUE,FALSE,TRUE,2,92
53282,TRUE,TRUE,TRUE,FALSE,FALSE,2,337
53305,TRUE,TRUE,TRUE,TRUE,TRUE,2,184
53410,FALSE,FALSE,FALSE,FALSE,FALSE,2,61
53426,FALSE,FALSE,TRUE,FALSE,TRUE,2,62
53432,FALSE,TRUE,TRUE,TRUE,TRUE,2,92
53446,FALSE,TRUE,TRUE,FALSE,FALSE,2,215
53534,TRUE,TRUE,FALSE,TRUE,FALSE,3,31
53561,FALSE,TRUE,TRUE,TRUE,TRUE,2,245
53573,FALSE,TRUE,TRUE,FALSE,FALSE,2,31
53575,FALSE,TRUE,FALSE,TRUE,FALSE,4,306
53603,TRUE,TRUE,TRUE,FALSE,FALSE,2,0
53659,TRUE,FALSE,TRUE,FALSE,TRUE,3,153
53673,FALSE,FALSE,TRUE,TRUE,TRUE,2,245
53679,FALSE,TRUE,TRUE,FALSE,FALSE,1,62
53688,FALSE,FALSE,TRUE,TRUE,FALSE,3,123
53742,TRUE,FALSE,FALSE,FALSE,FALSE,2,215
53793,FALSE,TRUE,TRUE,FALSE,FALSE,3,275
53838,FALSE,FALSE,TRUE,FALSE,FALSE,3,92
53929,TRUE,TRUE,TRUE,FALSE,FALSE,2,30
53948,FALSE,TRUE,TRUE,FALSE,FALSE,2,31
54075,FALSE,TRUE,TRUE,TRUE,FALSE,3,31
54083,FALSE,TRUE,TRUE,FALSE,FALSE,2,366
54120,FALSE,TRUE,TRUE,TRUE,FALSE,2,215
54125,FALSE,TRUE,TRUE,FALSE,FALSE,2,152
54158,FALSE,TRUE,TRUE,TRUE,FALSE,2,31
54179,TRUE,FALSE,TRUE,FALSE,FALSE,3,62
54207,TRUE,FALSE,TRUE,FALSE,FALSE,2,123
54231,TRUE,TRUE,TRUE,FALSE,FALSE,3,337
54237,FALSE,FALSE,TRUE,FALSE,FALSE,3,122
54256,TRUE,TRUE,TRUE,TRUE,FALSE,2,122
54269,FALSE,TRUE,TRUE,TRUE,FALSE,3,91
54285,FALSE,TRUE,TRUE,FALSE,TRUE,2,245
54390,TRUE,TRUE,TRUE,TRUE,FALSE,2,62
54394,FALSE,TRUE,TRUE,TRUE,FALSE,2,61
54427,FALSE,TRUE,TRUE,FALSE,TRUE,2,306
54505,TRUE,FALSE,TRUE,FALSE,FALSE,3,92
54538,FALSE,FALSE,TRUE,FALSE,FALSE,1,245
54586,FALSE,TRUE,TRUE,FALSE,TRUE,4,214
54600,FALSE,FALSE,TRUE,FALSE,FALSE,2,276
54642,FALSE,FALSE,TRUE,FALSE,FALSE,2,91
54680,FALSE,TRUE,TRUE,FALSE,FALSE,3,366
54686,FALSE,FALSE,TRUE,FALSE,TRUE,2,62
54748,TRUE,TRUE,FALSE,FALSE,FALSE,2,121
54758,TRUE,TRUE,TRUE,TRUE,FALSE,3,91
54781,TRUE,FALSE,TRUE,FALSE,TRUE,1,92
54788,TRUE,TRUE,TRUE,FALSE,TRUE,2,61
54814,TRUE,TRUE,TRUE,TRUE,TRUE,2,62
54856,TRUE,TRUE,TRUE,TRUE,FALSE,1,153
54859,FALSE,FALSE,TRUE,FALSE,FALSE,2,184
54874,TRUE,TRUE,TRUE,TRUE,TRUE,3,215
54935,FALSE,FALSE,TRUE,TRUE,FALSE,3,215
54949,FALSE,FALSE,TRUE,FALSE,FALSE,2,31
54950,FALSE,TRUE,TRUE,TRUE,FALSE,2,215
54954,FALSE,FALSE,TRUE,FALSE,FALSE,3,31
54968,FALSE,FALSE,TRUE,FALSE,TRUE,3,153
55040,TRUE,TRUE,TRUE,TRUE,FALSE,4,213
55059,FALSE,TRUE,TRUE,FALSE,FALSE,2,62
55101,FALSE,TRUE,TRUE,FALSE,FALSE,2,31
55112,TRUE,TRUE,TRUE,TRUE,TRUE,2,92
55133,FALSE,TRUE,TRUE,TRUE,TRUE,2,62
55136,FALSE,TRUE,TRUE,TRUE,FALSE,2,61
55175,TRUE,FALSE,TRUE,FALSE,FALSE,3,62
55198,TRUE,FALSE,TRUE,TRUE,TRUE,3,60
55219,TRUE,TRUE,TRUE,TRUE,TRUE,3,276
55236,FALSE,FALSE,TRUE,FALSE,FALSE,2,92
55245,FALSE,FALSE,FALSE,FALSE,FALSE,3,123
55273,FALSE,FALSE,FALSE,FALSE,TRUE,2,123
55335,TRUE,TRUE,TRUE,TRUE,FALSE,3,276
55383,FALSE,TRUE,TRUE,FALSE,FALSE,2,92
55392,FALSE,FALSE,TRUE,TRUE,FALSE,3,92
55504,FALSE,FALSE,TRUE,FALSE,FALSE,2,121
55525,FALSE,FALSE,FALSE,FALSE,FALSE,2,153
55600,TRUE,TRUE,TRUE,TRUE,FALSE,3,337
55615,FALSE,TRUE,TRUE,FALSE,TRUE,2,122
55623,FALSE,TRUE,TRUE,TRUE,FALSE,2,337
55700,FALSE,FALSE,TRUE,TRUE,FALSE,3,61
55719,FALSE,FALSE,TRUE,FALSE,TRUE,4,184
55823,FALSE,FALSE,FALSE,FALSE,FALSE,2,184
55839,FALSE,FALSE,FALSE,FALSE,FALSE,3,153
55841,FALSE,TRUE,FALSE,FALSE,TRUE,2,31
55869,FALSE,FALSE,TRUE,FALSE,FALSE,2,123
55881,TRUE,TRUE,TRUE,FALSE,FALSE,2,245
55993,FALSE,TRUE,TRUE,TRUE,TRUE,2,91
56007,TRUE,FALSE,TRUE,FALSE,FALSE,2,397
56008,TRUE,TRUE,TRUE,FALSE,TRUE,3,306
56103,FALSE,TRUE,TRUE,FALSE,FALSE,3,62
56115,FALSE,TRUE,FALSE,FALSE,TRUE,2,31
56122,FALSE,FALSE,FALSE,FALSE,FALSE,3,123
56127,FALSE,TRUE,TRUE,FALSE,FALSE,2,153
56141,FALSE,FALSE,TRUE,FALSE,FALSE,2,92
56156,FALSE,TRUE,TRUE,TRUE,FALSE,2,62
56183,FALSE,FALSE,TRUE,FALSE,FALSE,2,337
56191,FALSE,TRUE,FALSE,TRUE,FALSE,3,366
56197,TRUE,FALSE,TRUE,FALSE,FALSE,2,62
56237,FALSE,FALSE,TRUE,FALSE,TRUE,2,397
56265,FALSE,FALSE,TRUE,FALSE,FALSE,1,275
56306,FALSE,TRUE,TRUE,FALSE,FALSE,2,123
56314,FALSE,TRUE,TRUE,FALSE,FALSE,2,61
56318,FALSE,TRUE,FALSE,FALSE,TRUE,2,397
56319,FALSE,FALSE,FALSE,FALSE,FALSE,2,366
56370,FALSE,FALSE,FALSE,FALSE,FALSE,2,153
56397,FALSE,TRUE,TRUE,TRUE,FALSE,3,92
56405,FALSE,FALSE,TRUE,FALSE,TRUE,2,92
56490,TRUE,FALSE,FALSE,FALSE,FALSE,2,153
56499,TRUE,FALSE,FALSE,TRUE,FALSE,2,91
56504,FALSE,TRUE,TRUE,FALSE,FALSE,2,215
56525,TRUE,FALSE,TRUE,FALSE,FALSE,3,184
56531,FALSE,FALSE,TRUE,FALSE,FALSE,3,62
56538,FALSE,FALSE,FALSE,FALSE,TRUE,2,92
56549,FALSE,FALSE,TRUE,TRUE,FALSE,2,92
56561,TRUE,FALSE,TRUE,FALSE,FALSE,2,61
56588,FALSE,TRUE,TRUE,TRUE,FALSE,2,62
56638,FALSE,FALSE,TRUE,FALSE,TRUE,2,397
56660,TRUE,TRUE,TRUE,TRUE,FALSE,2,61
56685,TRUE,FALSE,TRUE,FALSE,FALSE,2,366
56693,FALSE,FALSE,TRUE,FALSE,FALSE,3,123
56725,TRUE,TRUE,TRUE,TRUE,FALSE,2,275
56744,FALSE,FALSE,FALSE,TRUE,FALSE,2,153
56768,TRUE,TRUE,TRUE,TRUE,TRUE,2,92
56799,FALSE,TRUE,TRUE,FALSE,FALSE,2,62
56804,FALSE,FALSE,TRUE,FALSE,TRUE,3,184
56813,FALSE,TRUE,TRUE,FALSE,TRUE,2,306
56840,TRUE,TRUE,TRUE,FALSE,FALSE,3,215
56847,FALSE,FALSE,TRUE,FALSE,FALSE,2,92
56860,FALSE,FALSE,TRUE,FALSE,TRUE,3,123
56865,FALSE,FALSE,FALSE,TRUE,FALSE,2,153
56912,FALSE,FALSE,TRUE,FALSE,TRUE,2,29
56925,FALSE,FALSE,FALSE,FALSE,FALSE,2,0
57046,FALSE,TRUE,TRUE,FALSE,FALSE,2,245
57088,FALSE,FALSE,FALSE,FALSE,TRUE,2,305
57145,FALSE,FALSE,TRUE,TRUE,FALSE,2,31
57158,FALSE,TRUE,TRUE,FALSE,FALSE,2,31
57164,TRUE,FALSE,TRUE,FALSE,TRUE,2,153
57171,FALSE,FALSE,TRUE,TRUE,TRUE,2,30
57217,FALSE,TRUE,TRUE,FALSE,FALSE,2,184
57274,FALSE,FALSE,TRUE,FALSE,FALSE,2,91
57303,FALSE,TRUE,TRUE,TRUE,FALSE,3,153
57410,FALSE,FALSE,TRUE,FALSE,FALSE,2,153
57436,FALSE,FALSE,FALSE,FALSE,FALSE,2,60
57444,FALSE,TRUE,FALSE,FALSE,TRUE,3,31
57490,FALSE,TRUE,FALSE,FALSE,FALSE,2,275
57492,FALSE,TRUE,TRUE,FALSE,TRUE,2,276
57509,FALSE,FALSE,TRUE,TRUE,FALSE,3,276
57525,FALSE,TRUE,FALSE,FALSE,TRUE,2,92
57556,TRUE,FALSE,TRUE,FALSE,FALSE,3,92
57623,TRUE,FALSE,TRUE,FALSE,FALSE,3,0
57630,FALSE,TRUE,TRUE,TRUE,TRUE,4,184
57663,FALSE,TRUE,TRUE,FALSE,FALSE,3,123
57683,FALSE,TRUE,FALSE,TRUE,TRUE,3,184
57697,TRUE,FALSE,TRUE,FALSE,TRUE,1,92
57698,TRUE,TRUE,TRUE,TRUE,TRUE,2,153
57728,FALSE,FALSE,TRUE,FALSE,FALSE,2,92
57732,TRUE,TRUE,TRUE,TRUE,FALSE,3,335
57744,FALSE,FALSE,TRUE,FALSE,TRUE,2,397
57759,FALSE,FALSE,FALSE,FALSE,FALSE,2,62
57816,FALSE,FALSE,TRUE,FALSE,FALSE,2,306
57840,FALSE,TRUE,TRUE,FALSE,TRUE,3,153
57870,FALSE,TRUE,TRUE,FALSE,TRUE,1,123
57887,FALSE,FALSE,FALSE,TRUE,FALSE,2,92
57972,FALSE,FALSE,TRUE,FALSE,FALSE,2,245
58022,FALSE,TRUE,TRUE,FALSE,TRUE,2,215
58040,TRUE,TRUE,TRUE,TRUE,TRUE,2,31
58080,TRUE,TRUE,TRUE,FALSE,FALSE,3,153
58092,FALSE,FALSE,TRUE,TRUE,FALSE,2,62
58181,FALSE,TRUE,FALSE,TRUE,FALSE,2,92
58232,TRUE,TRUE,TRUE,TRUE,FALSE,2,184
58245,FALSE,TRUE,TRUE,FALSE,FALSE,3,61
58280,FALSE,TRUE,TRUE,TRUE,FALSE,3,92
58291,FALSE,TRUE,TRUE,FALSE,FALSE,3,123
58302,FALSE,FALSE,FALSE,FALSE,FALSE,2,214
58339,FALSE,TRUE,TRUE,FALSE,FALSE,2,337
58347,TRUE,FALSE,TRUE,FALSE,FALSE,1,92
58379,TRUE,TRUE,TRUE,FALSE,FALSE,4,276
58381,FALSE,FALSE,TRUE,FALSE,TRUE,2,214
58383,FALSE,TRUE,FALSE,FALSE,FALSE,2,122
58406,TRUE,FALSE,TRUE,FALSE,FALSE,2,92
58427,TRUE,FALSE,TRUE,FALSE,FALSE,2,153
58428,FALSE,FALSE,TRUE,FALSE,TRUE,3,215
58431,FALSE,FALSE,TRUE,FALSE,FALSE,1,61
58447,FALSE,TRUE,TRUE,FALSE,FALSE,2,61
58451,TRUE,FALSE,TRUE,TRUE,FALSE,2,61
58463,TRUE,FALSE,TRUE,FALSE,FALSE,2,61
58492,FALSE,TRUE,TRUE,FALSE,FALSE,2,123
58552,TRUE,TRUE,TRUE,TRUE,TRUE,2,245
58561,FALSE,FALSE,TRUE,FALSE,TRUE,2,62
58583,FALSE,TRUE,TRUE,TRUE,TRUE,3,215
58618,FALSE,TRUE,TRUE,FALSE,TRUE,2,337
58638,FALSE,TRUE,TRUE,FALSE,FALSE,3,184
58643,FALSE,FALSE,TRUE,FALSE,FALSE,2,184
58668,FALSE,TRUE,TRUE,FALSE,FALSE,2,31
58697,FALSE,FALSE,TRUE,TRUE,TRUE,1,337
58702,FALSE,TRUE,FALSE,FALSE,FALSE,2,183
58704,FALSE,FALSE,TRUE,FALSE,FALSE,2,0
58712,FALSE,TRUE,FALSE,FALSE,TRUE,3,123
58723,FALSE,TRUE,TRUE,FALSE,FALSE,1,184
58734,FALSE,TRUE,TRUE,FALSE,FALSE,2,31
58735,FALSE,TRUE,TRUE,FALSE,FALSE,3,90
58761,FALSE,FALSE,FALSE,FALSE,FALSE,3,184
58784,TRUE,FALSE,TRUE,FALSE,FALSE,2,275
58787,FALSE,TRUE,TRUE,FALSE,FALSE,1,337
58802,FALSE,TRUE,TRUE,TRUE,FALSE,3,184
58824,FALSE,TRUE,TRUE,FALSE,FALSE,3,306
58844,FALSE,FALSE,TRUE,FALSE,FALSE,2,123
58857,TRUE,TRUE,TRUE,FALSE,TRUE,2,276
58973,FALSE,TRUE,TRUE,FALSE,TRUE,2,306
58994,TRUE,FALSE,TRUE,TRUE,FALSE,2,31
58998,FALSE,FALSE,TRUE,FALSE,TRUE,2,245
58999,FALSE,FALSE,TRUE,FALSE,FALSE,2,121
59012,FALSE,TRUE,TRUE,FALSE,FALSE,2,397
59034,FALSE,FALSE,FALSE,TRUE,FALSE,2,92
59036,FALSE,TRUE,FALSE,FALSE,TRUE,2,61
59054,TRUE,TRUE,TRUE,FALSE,TRUE,2,123
59086,FALSE,FALSE,TRUE,FALSE,FALSE,2,91
59093,TRUE,TRUE,TRUE,FALSE,TRUE,2,62
59110,TRUE,FALSE,FALSE,FALSE,FALSE,2,123
59156,FALSE,TRUE,TRUE,FALSE,TRUE,2,61
59162,FALSE,TRUE,TRUE,TRUE,FALSE,2,153
59180,FALSE,FALSE,TRUE,FALSE,FALSE,2,60
59226,FALSE,FALSE,TRUE,FALSE,TRUE,2,215
59233,FALSE,TRUE,TRUE,FALSE,FALSE,2,60
59263,TRUE,TRUE,TRUE,FALSE,FALSE,3,60
59282,FALSE,FALSE,FALSE,FALSE,FALSE,1,62
59384,TRUE,TRUE,TRUE,TRUE,FALSE,2,123
59398,FALSE,TRUE,TRUE,FALSE,FALSE,2,153
59433,TRUE,FALSE,TRUE,FALSE,FALSE,2,306
59457,TRUE,FALSE,TRUE,TRUE,FALSE,3,276
59458,FALSE,TRUE,TRUE,FALSE,TRUE,2,92
59465,FALSE,FALSE,TRUE,TRUE,FALSE,2,92
59476,FALSE,TRUE,TRUE,FALSE,FALSE,2,152
59486,FALSE,FALSE,TRUE,TRUE,TRUE,2,215
59512,FALSE,TRUE,FALSE,FALSE,FALSE,2,62
59576,FALSE,FALSE,FALSE,FALSE,FALSE,2,121
59592,TRUE,TRUE,TRUE,TRUE,FALSE,2,62
59605,FALSE,TRUE,TRUE,FALSE,FALSE,2,62
59632,FALSE,FALSE,TRUE,FALSE,FALSE,2,184
59661,TRUE,FALSE,FALSE,FALSE,FALSE,2,183
59663,FALSE,FALSE,FALSE,FALSE,FALSE,2,62
59677,FALSE,FALSE,FALSE,FALSE,FALSE,2,92
59679,TRUE,TRUE,TRUE,TRUE,FALSE,2,184
59693,FALSE,TRUE,TRUE,FALSE,TRUE,1,366
59697,TRUE,TRUE,TRUE,TRUE,FALSE,2,276
59717,TRUE,FALSE,TRUE,FALSE,TRUE,1,337
59722,TRUE,FALSE,TRUE,FALSE,TRUE,2,92
59765,FALSE,TRUE,FALSE,TRUE,FALSE,2,0
59783,FALSE,FALSE,FALSE,FALSE,TRUE,1,92
59798,FALSE,FALSE,TRUE,FALSE,TRUE,2,123
59815,FALSE,TRUE,TRUE,TRUE,TRUE,2,276
59841,FALSE,TRUE,TRUE,FALSE,FALSE,2,62
59855,FALSE,FALSE,TRUE,FALSE,FALSE,2,153
59883,FALSE,TRUE,TRUE,FALSE,FALSE,2,337
59888,TRUE,TRUE,TRUE,FALSE,FALSE,2,62
59899,FALSE,FALSE,TRUE,FALSE,FALSE,2,61
59906,TRUE,TRUE,TRUE,TRUE,TRUE,2,214
60003,FALSE,FALSE,FALSE,FALSE,FALSE,2,153
60033,FALSE,FALSE,TRUE,FALSE,FALSE,2,184
60035,TRUE,TRUE,TRUE,TRUE,FALSE,2,123
60064,FALSE,TRUE,TRUE,TRUE,FALSE,2,184
60071,FALSE,TRUE,FALSE,FALSE,TRUE,2,366
60083,FALSE,FALSE,TRUE,FALSE,FALSE,2,61
60090,TRUE,TRUE,TRUE,FALSE,FALSE,2,122
60103,FALSE,FALSE,FALSE,FALSE,FALSE,1,122
60111,FALSE,FALSE,TRUE,FALSE,TRUE,2,123
60132,FALSE,FALSE,TRUE,TRUE,FALSE,2,62
60133,TRUE,FALSE,FALSE,FALSE,FALSE,2,0
60166,TRUE,TRUE,TRUE,FALSE,FALSE,2,123
60173,FALSE,FALSE,FALSE,FALSE,TRUE,2,123
60180,FALSE,TRUE,TRUE,FALSE,FALSE,2,123
60205,TRUE,TRUE,TRUE,FALSE,TRUE,2,306
60250,FALSE,FALSE,TRUE,FALSE,FALSE,2,62
60298,TRUE,TRUE,TRUE,TRUE,FALSE,2,61
60334,TRUE,TRUE,TRUE,TRUE,FALSE,2,153
60372,FALSE,TRUE,TRUE,FALSE,FALSE,2,92
60374,TRUE,TRUE,TRUE,FALSE,TRUE,2,306
60380,FALSE,FALSE,TRUE,FALSE,TRUE,2,123
60383,FALSE,FALSE,TRUE,TRUE,FALSE,2,245
60400,FALSE,FALSE,FALSE,FALSE,FALSE,2,31
60410,FALSE,TRUE,TRUE,FALSE,FALSE,2,92
60414,FALSE,FALSE,TRUE,FALSE,FALSE,2,92
60416,FALSE,FALSE,FALSE,FALSE,FALSE,2,62
60441,FALSE,FALSE,FALSE,FALSE,FALSE,2,62
60456,TRUE,TRUE,TRUE,TRUE,TRUE,2,62
60497,TRUE,TRUE,TRUE,TRUE,TRUE,2,276
60516,TRUE,FALSE,TRUE,TRUE,FALSE,2,397
60533,FALSE,TRUE,TRUE,FALSE,TRUE,2,184
60543,FALSE,FALSE,TRUE,TRUE,FALSE,2,92
60549,TRUE,TRUE,TRUE,FALSE,TRUE,2,123
60604,FALSE,FALSE,TRUE,FALSE,FALSE,2,62
60612,FALSE,TRUE,TRUE,FALSE,TRUE,2,92
60633,FALSE,FALSE,TRUE,FALSE,FALSE,2,184
60639,TRUE,TRUE,TRUE,TRUE,FALSE,2,184
60643,FALSE,FALSE,TRUE,FALSE,FALSE,2,337
60671,FALSE,FALSE,TRUE,FALSE,FALSE,2,31
60680,TRUE,TRUE,TRUE,TRUE,FALSE,2,153
60694,TRUE,FALSE,FALSE,FALSE,FALSE,1,397
60697,FALSE,FALSE,FALSE,FALSE,FALSE,1,0
60699,FALSE,FALSE,FALSE,FALSE,FALSE,1,31
60700,TRUE,TRUE,TRUE,TRUE,FALSE,2,123
60701,TRUE,FALSE,TRUE,TRUE,FALSE,1,60
60706,FALSE,TRUE,TRUE,FALSE,FALSE,2,62
60707,FALSE,FALSE,FALSE,FALSE,FALSE,1,397
60710,TRUE,FALSE,TRUE,FALSE,FALSE,1,397
60713,FALSE,FALSE,FALSE,FALSE,FALSE,1,397
60715,FALSE,TRUE,TRUE,FALSE,FALSE,1,0
60718,TRUE,TRUE,TRUE,TRUE,TRUE,1,121
60719,FALSE,FALSE,FALSE,FALSE,FALSE,1,0
60720,FALSE,TRUE,FALSE,FALSE,TRUE,1,121
60723,FALSE,FALSE,FALSE,FALSE,FALSE,1,121
60729,FALSE,FALSE,TRUE,TRUE,FALSE,1,121
60730,FALSE,FALSE,FALSE,FALSE,FALSE,1,397
60731,TRUE,TRUE,TRUE,TRUE,TRUE,1,305
60735,FALSE,FALSE,TRUE,FALSE,FALSE,1,0
60736,FALSE,FALSE,TRUE,FALSE,FALSE,1,213
60738,FALSE,FALSE,FALSE,FALSE,FALSE,1,244
60740,FALSE,TRUE,FALSE,FALSE,FALSE,1,213
60741,TRUE,TRUE,TRUE,TRUE,FALSE,1,182
60743,TRUE,FALSE,TRUE,FALSE,TRUE,1,397
60744,FALSE,FALSE,TRUE,FALSE,TRUE,1,91
60745,FALSE,FALSE,TRUE,FALSE,TRUE,1,397
60747,FALSE,TRUE,FALSE,FALSE,FALSE,1,31
60750,TRUE,TRUE,TRUE,TRUE,FALSE,1,60
60752,FALSE,TRUE,TRUE,FALSE,FALSE,1,182
60753,TRUE,FALSE,FALSE,TRUE,FALSE,1,31
60755,FALSE,TRUE,FALSE,FALSE,FALSE,1,91
60756,FALSE,FALSE,FALSE,FALSE,FALSE,1,60
60760,FALSE,FALSE,TRUE,FALSE,FALSE,1,31
60762,FALSE,FALSE,FALSE,FALSE,FALSE,1,305
60764,FALSE,FALSE,TRUE,FALSE,FALSE,1,397
60766,FALSE,TRUE,TRUE,FALSE,TRUE,1,121
60767,FALSE,FALSE,FALSE,FALSE,FALSE,1,182
60770,FALSE,FALSE,FALSE,FALSE,FALSE,1,31
60771,FALSE,FALSE,FALSE,FALSE,TRUE,1,60
60772,TRUE,FALSE,TRUE,FALSE,TRUE,1,397
60774,FALSE,FALSE,FALSE,FALSE,FALSE,1,121
60777,FALSE,FALSE,TRUE,FALSE,FALSE,1,335
60781,FALSE,FALSE,TRUE,FALSE,FALSE,1,305
60782,FALSE,FALSE,FALSE,FALSE,FALSE,1,274
60787,FALSE,FALSE,TRUE,FALSE,FALSE,1,152
60788,FALSE,FALSE,TRUE,FALSE,TRUE,1,152
60789,FALSE,TRUE,TRUE,FALSE,FALSE,1,397
60793,FALSE,FALSE,TRUE,TRUE,FALSE,1,366
60794,TRUE,FALSE,TRUE,TRUE,TRUE,1,366
60799,FALSE,FALSE,TRUE,FALSE,FALSE,1,213
60806,FALSE,FALSE,FALSE,FALSE,FALSE,1,213
60807,FALSE,TRUE,FALSE,FALSE,FALSE,1,121
60811,FALSE,FALSE,FALSE,FALSE,FALSE,1,243
60814,FALSE,FALSE,FALSE,FALSE,FALSE,1,91
60817,FALSE,TRUE,FALSE,TRUE,FALSE,2,184
60818,FALSE,FALSE,TRUE,FALSE,FALSE,1,121
60820,FALSE,FALSE,FALSE,FALSE,FALSE,1,397
60821,TRUE,TRUE,TRUE,FALSE,FALSE,1,31
60822,FALSE,FALSE,FALSE,FALSE,TRUE,1,366
60823,FALSE,TRUE,TRUE,FALSE,TRUE,1,366
60825,TRUE,FALSE,FALSE,FALSE,FALSE,1,366
60829,FALSE,FALSE,TRUE,FALSE,FALSE,1,31
60836,FALSE,FALSE,FALSE,TRUE,FALSE,1,121
60838,TRUE,FALSE,TRUE,FALSE,FALSE,2,0
60839,FALSE,FALSE,FALSE,FALSE,FALSE,1,151
60841,FALSE,FALSE,TRUE,FALSE,FALSE,1,29
60842,TRUE,FALSE,TRUE,FALSE,TRUE,1,274
60843,FALSE,FALSE,TRUE,TRUE,FALSE,1,60
60847,FALSE,FALSE,TRUE,FALSE,FALSE,1,304
60850,FALSE,TRUE,FALSE,FALSE,FALSE,1,274
60852,FALSE,FALSE,TRUE,TRUE,FALSE,1,397
60853,FALSE,FALSE,FALSE,FALSE,FALSE,1,0
60854,FALSE,FALSE,FALSE,FALSE,FALSE,1,91
60856,FALSE,FALSE,FALSE,FALSE,FALSE,1,397
60857,FALSE,FALSE,TRUE,TRUE,FALSE,1,244
60859,FALSE,FALSE,FALSE,FALSE,FALSE,1,182
60862,FALSE,FALSE,FALSE,FALSE,FALSE,1,366
60863,FALSE,TRUE,TRUE,FALSE,FALSE,1,366
60864,FALSE,FALSE,TRUE,FALSE,FALSE,2,61
60869,FALSE,FALSE,TRUE,FALSE,FALSE,1,0
60870,FALSE,FALSE,TRUE,FALSE,FALSE,1,366
60871,FALSE,FALSE,TRUE,FALSE,TRUE,1,366
60872,FALSE,TRUE,TRUE,FALSE,FALSE,1,90
60873,FALSE,TRUE,TRUE,TRUE,FALSE,1,121
60874,FALSE,TRUE,TRUE,FALSE,FALSE,1,121
60875,FALSE,FALSE,FALSE,FALSE,FALSE,1,29
60876,FALSE,TRUE,TRUE,FALSE,FALSE,1,121
60877,FALSE,TRUE,FALSE,FALSE,FALSE,1,60
60878,FALSE,FALSE,FALSE,FALSE,TRUE,1,366
60882,TRUE,FALSE,TRUE,FALSE,FALSE,1,366
60883,FALSE,TRUE,TRUE,TRUE,TRUE,2,30
60884,FALSE,FALSE,TRUE,FALSE,FALSE,1,90
60885,FALSE,FALSE,FALSE,FALSE,FALSE,1,60
60888,FALSE,FALSE,FALSE,FALSE,FALSE,2,184
60889,FALSE,FALSE,FALSE,FALSE,FALSE,1,60
60890,FALSE,FALSE,TRUE,FALSE,TRUE,1,366
60893,FALSE,TRUE,TRUE,FALSE,FALSE,1,182
60895,TRUE,TRUE,TRUE,FALSE,FALSE,1,243
60896,FALSE,FALSE,TRUE,FALSE,FALSE,1,366
60897,FALSE,FALSE,FALSE,FALSE,FALSE,1,151
60900,FALSE,TRUE,TRUE,TRUE,TRUE,2,276
60901,FALSE,FALSE,TRUE,FALSE,FALSE,1,0
60902,FALSE,FALSE,FALSE,FALSE,FALSE,1,366
60903,FALSE,FALSE,TRUE,FALSE,FALSE,1,366
60904,FALSE,TRUE,TRUE,FALSE,FALSE,1,60
60906,TRUE,FALSE,TRUE,FALSE,FALSE,1,274
60907,TRUE,FALSE,TRUE,FALSE,TRUE,1,366
60908,FALSE,FALSE,TRUE,TRUE,FALSE,1,60
60909,FALSE,FALSE,FALSE,FALSE,FALSE,1,366
60914,FALSE,FALSE,TRUE,FALSE,FALSE,1,366
60915,FALSE,FALSE,FALSE,FALSE,FALSE,2,153
60916,FALSE,TRUE,TRUE,FALSE,FALSE,1,90
60919,FALSE,TRUE,FALSE,TRUE,FALSE,1,366
60920,TRUE,TRUE,TRUE,FALSE,FALSE,1,337
60921,FALSE,FALSE,TRUE,FALSE,FALSE,1,0
60923,FALSE,TRUE,TRUE,TRUE,FALSE,1,31
60925,FALSE,FALSE,FALSE,FALSE,FALSE,1,122
60928,FALSE,TRUE,TRUE,FALSE,FALSE,1,122
60929,FALSE,FALSE,TRUE,TRUE,FALSE,1,337
60930,TRUE,TRUE,TRUE,FALSE,FALSE,1,397
60932,FALSE,TRUE,TRUE,FALSE,TRUE,1,337
60937,FALSE,TRUE,TRUE,TRUE,FALSE,1,274
60938,FALSE,FALSE,TRUE,FALSE,FALSE,1,0
60943,FALSE,FALSE,FALSE,FALSE,FALSE,1,337
60945,FALSE,FALSE,FALSE,FALSE,TRUE,1,61
60946,TRUE,FALSE,FALSE,FALSE,FALSE,1,337
60948,FALSE,TRUE,TRUE,FALSE,TRUE,1,337
60949,FALSE,FALSE,FALSE,FALSE,TRUE,1,337
60950,TRUE,TRUE,TRUE,FALSE,TRUE,2,153
60951,FALSE,FALSE,FALSE,FALSE,FALSE,1,61
60953,TRUE,TRUE,TRUE,TRUE,FALSE,1,337
60961,FALSE,TRUE,TRUE,TRUE,FALSE,1,31
60962,FALSE,FALSE,TRUE,FALSE,FALSE,1,122
60964,FALSE,TRUE,TRUE,FALSE,FALSE,1,92
60966,TRUE,FALSE,TRUE,FALSE,FALSE,1,92
60967,FALSE,FALSE,TRUE,FALSE,FALSE,1,61
60968,FALSE,FALSE,FALSE,FALSE,FALSE,1,122
60969,TRUE,FALSE,TRUE,FALSE,TRUE,1,337
60970,FALSE,TRUE,TRUE,TRUE,FALSE,1,61
60971,FALSE,FALSE,FALSE,FALSE,FALSE,1,92
60972,FALSE,TRUE,FALSE,FALSE,FALSE,1,0
60975,FALSE,TRUE,TRUE,FALSE,FALSE,1,61
60978,TRUE,TRUE,TRUE,TRUE,FALSE,3,153
60979,FALSE,FALSE,TRUE,FALSE,TRUE,1,337
60980,FALSE,FALSE,FALSE,FALSE,FALSE,1,61
60983,FALSE,FALSE,FALSE,FALSE,FALSE,1,122
60984,FALSE,FALSE,FALSE,FALSE,FALSE,1,153
60986,FALSE,FALSE,TRUE,FALSE,FALSE,1,153
60988,FALSE,TRUE,TRUE,TRUE,FALSE,1,245
60989,FALSE,TRUE,FALSE,TRUE,FALSE,1,31
60990,FALSE,FALSE,TRUE,FALSE,FALSE,1,337
60991,TRUE,FALSE,TRUE,FALSE,FALSE,1,245
60994,FALSE,TRUE,TRUE,FALSE,FALSE,1,337
60995,FALSE,FALSE,TRUE,TRUE,FALSE,1,214
60996,FALSE,FALSE,FALSE,FALSE,FALSE,1,31
60998,FALSE,FALSE,FALSE,FALSE,FALSE,1,0
61000,FALSE,TRUE,TRUE,FALSE,FALSE,1,337
61002,TRUE,FALSE,TRUE,FALSE,FALSE,1,337
61003,FALSE,FALSE,TRUE,FALSE,FALSE,1,337
61005,FALSE,FALSE,FALSE,FALSE,FALSE,1,31
61006,FALSE,FALSE,FALSE,FALSE,FALSE,1,337
61010,FALSE,FALSE,FALSE,FALSE,FALSE,1,153
61011,FALSE,TRUE,TRUE,FALSE,FALSE,1,337
61014,TRUE,TRUE,TRUE,TRUE,TRUE,2,62
61015,FALSE,FALSE,FALSE,FALSE,FALSE,1,153
61020,FALSE,FALSE,FALSE,FALSE,FALSE,1,122
61022,TRUE,FALSE,TRUE,FALSE,FALSE,1,122
61023,TRUE,FALSE,TRUE,TRUE,TRUE,1,337
61024,TRUE,TRUE,TRUE,TRUE,FALSE,1,122
61025,TRUE,TRUE,TRUE,TRUE,TRUE,1,337
61026,FALSE,FALSE,FALSE,FALSE,FALSE,1,31
61029,FALSE,FALSE,TRUE,FALSE,FALSE,1,337
61033,FALSE,FALSE,TRUE,FALSE,FALSE,1,337
61035,FALSE,FALSE,FALSE,FALSE,FALSE,1,91
61037,FALSE,TRUE,FALSE,TRUE,TRUE,1,306
61039,FALSE,FALSE,FALSE,FALSE,FALSE,1,214
61040,FALSE,TRUE,TRUE,FALSE,TRUE,1,61
61041,FALSE,FALSE,TRUE,FALSE,FALSE,1,61
61043,FALSE,FALSE,FALSE,FALSE,TRUE,1,337
61044,FALSE,FALSE,TRUE,FALSE,FALSE,1,31
61045,TRUE,TRUE,TRUE,TRUE,TRUE,1,337
61047,FALSE,FALSE,FALSE,FALSE,FALSE,1,184
61053,FALSE,FALSE,FALSE,FALSE,FALSE,1,30
61054,TRUE,FALSE,TRUE,FALSE,FALSE,1,214
61055,FALSE,FALSE,TRUE,FALSE,FALSE,1,61
61056,FALSE,TRUE,TRUE,FALSE,FALSE,1,31
61057,FALSE,TRUE,TRUE,FALSE,TRUE,1,306
61058,FALSE,FALSE,FALSE,FALSE,FALSE,1,91
61060,FALSE,TRUE,TRUE,TRUE,FALSE,1,91
61061,FALSE,TRUE,FALSE,FALSE,TRUE,1,30
61062,FALSE,FALSE,FALSE,FALSE,FALSE,1,122
61063,TRUE,TRUE,TRUE,TRUE,TRUE,1,337
61064,FALSE,TRUE,TRUE,FALSE,TRUE,1,306
61065,FALSE,FALSE,TRUE,FALSE,TRUE,1,306
61066,TRUE,FALSE,TRUE,TRUE,FALSE,1,183
61067,FALSE,TRUE,TRUE,FALSE,FALSE,1,91
61068,FALSE,TRUE,TRUE,FALSE,FALSE,1,306
61071,FALSE,FALSE,FALSE,FALSE,FALSE,1,306
61073,FALSE,TRUE,TRUE,FALSE,FALSE,1,306
61074,FALSE,TRUE,TRUE,TRUE,TRUE,1,91
61080,FALSE,FALSE,FALSE,FALSE,FALSE,1,183
61083,TRUE,TRUE,TRUE,TRUE,FALSE,2,215
61084,FALSE,TRUE,TRUE,FALSE,FALSE,1,306
61085,FALSE,FALSE,TRUE,FALSE,FALSE,1,30
61086,FALSE,FALSE,TRUE,FALSE,FALSE,1,0
61089,FALSE,FALSE,FALSE,FALSE,FALSE,1,153
61095,FALSE,TRUE,TRUE,FALSE,FALSE,1,153
61096,FALSE,TRUE,TRUE,FALSE,FALSE,2,62
61100,TRUE,TRUE,TRUE,TRUE,FALSE,1,306
61101,FALSE,FALSE,FALSE,TRUE,TRUE,1,306
61103,FALSE,FALSE,FALSE,FALSE,FALSE,1,122
61104,FALSE,FALSE,FALSE,FALSE,FALSE,1,122
61106,TRUE,TRUE,TRUE,FALSE,FALSE,1,0
61109,FALSE,FALSE,FALSE,FALSE,TRUE,1,122
61110,TRUE,TRUE,TRUE,TRUE,TRUE,1,214
61111,FALSE,FALSE,FALSE,FALSE,FALSE,1,244
61112,FALSE,FALSE,TRUE,FALSE,FALSE,1,306
61115,FALSE,FALSE,FALSE,FALSE,FALSE,1,153
61116,FALSE,FALSE,TRUE,FALSE,FALSE,1,214
61117,TRUE,TRUE,TRUE,TRUE,TRUE,1,306
61118,FALSE,FALSE,FALSE,FALSE,FALSE,1,91
61119,FALSE,FALSE,FALSE,FALSE,TRUE,1,0
61120,TRUE,TRUE,FALSE,TRUE,FALSE,1,306
61121,FALSE,TRUE,FALSE,TRUE,TRUE,1,92
61122,FALSE,FALSE,FALSE,FALSE,FALSE,1,91
61123,FALSE,FALSE,FALSE,FALSE,FALSE,1,91
61128,FALSE,FALSE,TRUE,FALSE,FALSE,1,306
61129,FALSE,FALSE,TRUE,FALSE,TRUE,1,306
61130,FALSE,FALSE,TRUE,FALSE,FALSE,1,61
61133,FALSE,FALSE,FALSE,FALSE,FALSE,1,122
61134,FALSE,TRUE,TRUE,TRUE,TRUE,1,31
61135,FALSE,FALSE,TRUE,FALSE,FALSE,1,61
61136,FALSE,FALSE,FALSE,FALSE,FALSE,1,121
61137,FALSE,FALSE,TRUE,FALSE,FALSE,1,61
61142,TRUE,FALSE,FALSE,FALSE,FALSE,1,183
61144,FALSE,FALSE,FALSE,FALSE,FALSE,1,306
61145,FALSE,FALSE,TRUE,TRUE,TRUE,1,306
61146,FALSE,FALSE,FALSE,FALSE,FALSE,1,61
61148,FALSE,FALSE,TRUE,TRUE,FALSE,1,306
61151,FALSE,FALSE,TRUE,FALSE,TRUE,1,275
61152,TRUE,TRUE,TRUE,FALSE,TRUE,1,244
61156,FALSE,TRUE,TRUE,FALSE,TRUE,1,306
61158,TRUE,FALSE,TRUE,FALSE,FALSE,1,92
61159,FALSE,FALSE,TRUE,FALSE,FALSE,1,61
61160,FALSE,FALSE,FALSE,FALSE,TRUE,1,306
61162,FALSE,FALSE,TRUE,FALSE,FALSE,1,306
61163,FALSE,TRUE,FALSE,TRUE,FALSE,1,306
61164,TRUE,FALSE,TRUE,FALSE,FALSE,1,91
61166,FALSE,FALSE,TRUE,FALSE,FALSE,1,306
61167,FALSE,FALSE,FALSE,FALSE,FALSE,1,214
61168,FALSE,FALSE,FALSE,FALSE,FALSE,1,214
61170,FALSE,FALSE,FALSE,FALSE,FALSE,1,92
61171,FALSE,TRUE,TRUE,TRUE,FALSE,1,61
61175,FALSE,FALSE,FALSE,FALSE,FALSE,1,123
61176,FALSE,TRUE,TRUE,FALSE,FALSE,1,184
61179,FALSE,TRUE,TRUE,FALSE,FALSE,1,276
61180,TRUE,TRUE,TRUE,FALSE,FALSE,1,31
61181,FALSE,FALSE,FALSE,FALSE,FALSE,1,184
61186,TRUE,TRUE,FALSE,FALSE,TRUE,1,214
61190,FALSE,FALSE,TRUE,FALSE,FALSE,1,276
61191,FALSE,FALSE,TRUE,FALSE,TRUE,1,276
61192,TRUE,TRUE,TRUE,FALSE,FALSE,1,276
61198,FALSE,FALSE,FALSE,FALSE,FALSE,1,30
61200,FALSE,FALSE,FALSE,FALSE,FALSE,1,30
61206,TRUE,TRUE,TRUE,FALSE,FALSE,1,31
61208,FALSE,FALSE,TRUE,FALSE,FALSE,1,276
61210,FALSE,FALSE,FALSE,FALSE,FALSE,1,123
61212,FALSE,FALSE,FALSE,FALSE,FALSE,1,0
61214,FALSE,TRUE,TRUE,FALSE,FALSE,1,123
61215,TRUE,TRUE,FALSE,FALSE,TRUE,1,276
61216,FALSE,FALSE,FALSE,FALSE,FALSE,1,214
61217,FALSE,TRUE,TRUE,FALSE,TRUE,1,245
61218,FALSE,FALSE,FALSE,FALSE,FALSE,1,92
61219,FALSE,FALSE,TRUE,FALSE,FALSE,1,92
61220,FALSE,FALSE,FALSE,FALSE,FALSE,1,276
61224,FALSE,TRUE,FALSE,FALSE,FALSE,1,153
61227,TRUE,FALSE,TRUE,FALSE,FALSE,1,0
61235,FALSE,FALSE,FALSE,FALSE,FALSE,1,153
61240,TRUE,FALSE,TRUE,TRUE,FALSE,1,276
61242,FALSE,TRUE,TRUE,FALSE,TRUE,1,276
61243,FALSE,FALSE,TRUE,FALSE,TRUE,1,123
61246,FALSE,FALSE,TRUE,FALSE,FALSE,1,92
61247,TRUE,TRUE,TRUE,FALSE,FALSE,1,276
61249,FALSE,FALSE,TRUE,FALSE,TRUE,1,276
61253,TRUE,TRUE,FALSE,TRUE,FALSE,1,276
61254,FALSE,TRUE,TRUE,FALSE,FALSE,1,31
61255,TRUE,TRUE,TRUE,FALSE,TRUE,1,276
61256,TRUE,TRUE,TRUE,FALSE,FALSE,1,122
61257,FALSE,TRUE,FALSE,FALSE,FALSE,1,61
61260,FALSE,FALSE,FALSE,TRUE,FALSE,1,61
61261,FALSE,FALSE,FALSE,FALSE,FALSE,1,245
61262,TRUE,TRUE,TRUE,TRUE,FALSE,1,276
61264,TRUE,TRUE,TRUE,FALSE,FALSE,1,276
61265,TRUE,TRUE,TRUE,FALSE,FALSE,1,276
61269,FALSE,FALSE,FALSE,FALSE,FALSE,1,276
61271,FALSE,FALSE,FALSE,FALSE,TRUE,1,153
61274,FALSE,FALSE,TRUE,FALSE,TRUE,1,184
61275,FALSE,TRUE,TRUE,FALSE,TRUE,1,61
61278,TRUE,TRUE,TRUE,FALSE,TRUE,1,276
61279,FALSE,FALSE,FALSE,FALSE,FALSE,1,31
61282,FALSE,FALSE,FALSE,FALSE,FALSE,1,245
61283,FALSE,FALSE,FALSE,FALSE,TRUE,1,245
61285,FALSE,TRUE,FALSE,TRUE,FALSE,1,276
61286,FALSE,TRUE,TRUE,FALSE,FALSE,1,276
61290,TRUE,TRUE,TRUE,TRUE,TRUE,1,184
61295,FALSE,FALSE,FALSE,FALSE,FALSE,1,276
61296,FALSE,FALSE,FALSE,FALSE,FALSE,1,276
61297,FALSE,FALSE,FALSE,FALSE,TRUE,1,245
61301,FALSE,FALSE,TRUE,TRUE,TRUE,1,31
61303,FALSE,TRUE,TRUE,FALSE,FALSE,1,276
61308,FALSE,FALSE,TRUE,FALSE,TRUE,1,92
61309,TRUE,TRUE,TRUE,FALSE,TRUE,1,245
61311,FALSE,FALSE,FALSE,FALSE,FALSE,1,0
61312,FALSE,FALSE,FALSE,FALSE,FALSE,1,61
61315,FALSE,TRUE,TRUE,FALSE,FALSE,1,245
61320,FALSE,FALSE,FALSE,FALSE,FALSE,1,245
61321,FALSE,FALSE,TRUE,TRUE,FALSE,1,245
61325,FALSE,FALSE,TRUE,FALSE,FALSE,1,92
61328,FALSE,FALSE,TRUE,FALSE,FALSE,1,245
61330,FALSE,FALSE,FALSE,FALSE,FALSE,1,245
61331,TRUE,FALSE,TRUE,FALSE,FALSE,1,245
61338,FALSE,TRUE,FALSE,TRUE,TRUE,1,122
61342,FALSE,TRUE,TRUE,FALSE,FALSE,1,62
61343,FALSE,FALSE,FALSE,FALSE,TRUE,1,245
61345,FALSE,FALSE,FALSE,FALSE,FALSE,1,245
61346,FALSE,FALSE,TRUE,FALSE,FALSE,1,153
61347,FALSE,TRUE,TRUE,FALSE,TRUE,1,0
61348,FALSE,FALSE,TRUE,TRUE,FALSE,1,123
61349,TRUE,FALSE,FALSE,TRUE,FALSE,1,61
61350,FALSE,FALSE,TRUE,FALSE,FALSE,1,123
61351,FALSE,FALSE,TRUE,TRUE,FALSE,1,183
61352,TRUE,TRUE,TRUE,FALSE,TRUE,1,245
61359,TRUE,FALSE,FALSE,TRUE,FALSE,1,245
61360,FALSE,FALSE,FALSE,FALSE,TRUE,1,214
61361,FALSE,FALSE,FALSE,FALSE,FALSE,1,245
61362,FALSE,FALSE,FALSE,FALSE,TRUE,1,245
61363,FALSE,TRUE,TRUE,FALSE,FALSE,1,245
61370,FALSE,TRUE,TRUE,FALSE,TRUE,1,245
61374,FALSE,TRUE,TRUE,FALSE,TRUE,1,0
61375,FALSE,FALSE,FALSE,FALSE,FALSE,1,0
61381,FALSE,TRUE,TRUE,TRUE,FALSE,1,183
61385,FALSE,FALSE,TRUE,FALSE,FALSE,1,245
61386,FALSE,FALSE,FALSE,FALSE,FALSE,1,245
61388,FALSE,FALSE,TRUE,FALSE,FALSE,1,30
61391,FALSE,FALSE,TRUE,FALSE,TRUE,1,245
61392,FALSE,TRUE,FALSE,FALSE,FALSE,1,245
61395,FALSE,FALSE,TRUE,FALSE,TRUE,1,92
61396,FALSE,FALSE,FALSE,FALSE,FALSE,1,92
61398,TRUE,TRUE,TRUE,TRUE,FALSE,2,92
61399,FALSE,FALSE,TRUE,FALSE,TRUE,1,245
61400,TRUE,TRUE,FALSE,FALSE,FALSE,1,30
61401,FALSE,FALSE,TRUE,FALSE,TRUE,1,245
61402,FALSE,TRUE,TRUE,TRUE,FALSE,1,122
61403,FALSE,FALSE,FALSE,FALSE,TRUE,1,245
61404,FALSE,TRUE,TRUE,FALSE,FALSE,1,245
61405,FALSE,FALSE,FALSE,FALSE,FALSE,1,245
61407,TRUE,TRUE,TRUE,FALSE,FALSE,1,61
61408,FALSE,TRUE,FALSE,FALSE,TRUE,1,245
61409,FALSE,FALSE,FALSE,FALSE,FALSE,1,30
61410,FALSE,FALSE,FALSE,FALSE,FALSE,1,30
61412,FALSE,FALSE,FALSE,FALSE,FALSE,1,92
61413,FALSE,FALSE,FALSE,FALSE,TRUE,1,215
61414,FALSE,TRUE,TRUE,TRUE,TRUE,1,245
61415,FALSE,TRUE,TRUE,FALSE,FALSE,1,30
61416,FALSE,FALSE,TRUE,TRUE,TRUE,1,30
61417,FALSE,FALSE,TRUE,FALSE,TRUE,1,31
61420,FALSE,FALSE,FALSE,FALSE,TRUE,1,215
61421,FALSE,FALSE,FALSE,FALSE,FALSE,1,215
61422,FALSE,FALSE,TRUE,TRUE,FALSE,1,245
61423,FALSE,TRUE,TRUE,FALSE,FALSE,2,92
61427,FALSE,FALSE,TRUE,FALSE,FALSE,1,245
61428,FALSE,FALSE,TRUE,FALSE,FALSE,1,215
61429,FALSE,TRUE,TRUE,TRUE,TRUE,1,215
61431,FALSE,TRUE,FALSE,TRUE,FALSE,1,92
61438,FALSE,TRUE,TRUE,FALSE,FALSE,1,215
61439,FALSE,FALSE,FALSE,FALSE,FALSE,1,215
61441,FALSE,TRUE,TRUE,TRUE,FALSE,1,31
61442,FALSE,FALSE,FALSE,FALSE,FALSE,1,215
61443,FALSE,TRUE,TRUE,FALSE,FALSE,1,215
61444,FALSE,FALSE,TRUE,FALSE,TRUE,1,215
61445,FALSE,TRUE,TRUE,TRUE,FALSE,1,215
61447,FALSE,FALSE,TRUE,FALSE,FALSE,1,215
61448,FALSE,FALSE,TRUE,FALSE,FALSE,1,62
61450,TRUE,TRUE,TRUE,FALSE,FALSE,1,215
61451,FALSE,FALSE,TRUE,FALSE,FALSE,1,153
61452,TRUE,TRUE,TRUE,TRUE,TRUE,1,215
61454,FALSE,FALSE,TRUE,FALSE,FALSE,1,122
61455,FALSE,FALSE,FALSE,FALSE,FALSE,1,61
61456,TRUE,TRUE,FALSE,FALSE,FALSE,1,184
61457,FALSE,TRUE,TRUE,FALSE,TRUE,1,184
61461,FALSE,TRUE,TRUE,FALSE,FALSE,1,215
61465,FALSE,TRUE,TRUE,FALSE,TRUE,1,215
61469,FALSE,FALSE,FALSE,FALSE,FALSE,1,30
61472,FALSE,FALSE,FALSE,FALSE,FALSE,1,0
61473,FALSE,TRUE,TRUE,FALSE,TRUE,1,215
61474,FALSE,FALSE,TRUE,FALSE,TRUE,1,215
61475,FALSE,FALSE,FALSE,FALSE,TRUE,1,215
61476,FALSE,FALSE,FALSE,FALSE,TRUE,1,0
61478,FALSE,FALSE,FALSE,FALSE,TRUE,1,31
61479,FALSE,TRUE,TRUE,FALSE,TRUE,1,92
61480,FALSE,FALSE,TRUE,FALSE,FALSE,1,215
61481,FALSE,FALSE,TRUE,FALSE,FALSE,1,62
61482,FALSE,TRUE,TRUE,FALSE,FALSE,1,215
61483,TRUE,TRUE,FALSE,FALSE,TRUE,1,215
61484,FALSE,FALSE,TRUE,FALSE,FALSE,1,62
61485,FALSE,TRUE,TRUE,FALSE,FALSE,1,61
61486,FALSE,TRUE,TRUE,FALSE,TRUE,1,215
61487,FALSE,FALSE,TRUE,FALSE,TRUE,1,215
61489,FALSE,FALSE,TRUE,FALSE,FALSE,1,92
61490,TRUE,TRUE,TRUE,FALSE,TRUE,1,215
61492,TRUE,FALSE,FALSE,TRUE,FALSE,2,184
61493,FALSE,FALSE,FALSE,FALSE,TRUE,1,215
61495,FALSE,FALSE,TRUE,TRUE,FALSE,1,123
61496,FALSE,FALSE,FALSE,FALSE,FALSE,1,153
61497,FALSE,FALSE,FALSE,FALSE,TRUE,1,215
61499,FALSE,FALSE,TRUE,FALSE,FALSE,1,184
61500,FALSE,TRUE,TRUE,FALSE,FALSE,1,30
61501,FALSE,FALSE,FALSE,FALSE,FALSE,1,62
61503,TRUE,TRUE,TRUE,FALSE,FALSE,1,184
61506,FALSE,FALSE,TRUE,FALSE,FALSE,1,123
61511,FALSE,FALSE,TRUE,FALSE,FALSE,1,31
61512,FALSE,FALSE,TRUE,FALSE,FALSE,1,184
61513,FALSE,TRUE,TRUE,FALSE,FALSE,1,184
61515,FALSE,FALSE,TRUE,FALSE,FALSE,1,215
61516,TRUE,FALSE,FALSE,FALSE,FALSE,1,31
61517,FALSE,FALSE,TRUE,FALSE,FALSE,1,31
61521,FALSE,FALSE,FALSE,FALSE,FALSE,1,62
61522,FALSE,FALSE,FALSE,FALSE,TRUE,1,215
61523,FALSE,FALSE,FALSE,FALSE,FALSE,1,61
61524,FALSE,FALSE,FALSE,FALSE,FALSE,1,184
61527,TRUE,FALSE,TRUE,FALSE,FALSE,1,184
61528,TRUE,TRUE,FALSE,FALSE,TRUE,1,184
61529,FALSE,FALSE,TRUE,FALSE,FALSE,1,122
61530,TRUE,TRUE,TRUE,FALSE,TRUE,1,184
61533,FALSE,FALSE,FALSE,FALSE,FALSE,1,62
61534,FALSE,FALSE,FALSE,FALSE,FALSE,1,184
61535,TRUE,TRUE,TRUE,TRUE,FALSE,1,31
61538,FALSE,FALSE,FALSE,FALSE,FALSE,1,215
61539,FALSE,TRUE,TRUE,FALSE,TRUE,1,184
61540,FALSE,TRUE,TRUE,FALSE,FALSE,1,122
61542,TRUE,FALSE,TRUE,FALSE,FALSE,1,61
61544,FALSE,TRUE,TRUE,FALSE,FALSE,1,184
61546,FALSE,TRUE,TRUE,FALSE,TRUE,1,184
61547,FALSE,FALSE,FALSE,FALSE,FALSE,1,31
61548,FALSE,TRUE,TRUE,FALSE,FALSE,1,184
61549,FALSE,FALSE,TRUE,FALSE,FALSE,1,215
61551,FALSE,FALSE,TRUE,FALSE,FALSE,1,184
61554,FALSE,FALSE,FALSE,FALSE,FALSE,1,62
61555,FALSE,FALSE,TRUE,FALSE,TRUE,1,184
61556,FALSE,TRUE,TRUE,TRUE,TRUE,1,184
61557,FALSE,FALSE,TRUE,FALSE,TRUE,1,184
61560,FALSE,FALSE,FALSE,FALSE,TRUE,1,184
61561,FALSE,TRUE,FALSE,FALSE,TRUE,1,184
61562,FALSE,FALSE,FALSE,FALSE,FALSE,1,92
61563,FALSE,TRUE,TRUE,FALSE,FALSE,1,184
61565,FALSE,FALSE,TRUE,FALSE,FALSE,1,31
61566,FALSE,FALSE,TRUE,FALSE,FALSE,1,122
61569,TRUE,TRUE,TRUE,FALSE,TRUE,1,184
61571,FALSE,TRUE,TRUE,TRUE,FALSE,1,92
61572,TRUE,TRUE,TRUE,FALSE,TRUE,1,184
61573,FALSE,FALSE,TRUE,FALSE,FALSE,1,184
61575,TRUE,FALSE,TRUE,FALSE,TRUE,1,153
61584,FALSE,TRUE,FALSE,FALSE,FALSE,1,153
61587,FALSE,TRUE,FALSE,FALSE,FALSE,2,30
61588,TRUE,FALSE,TRUE,FALSE,TRUE,1,184
61589,FALSE,FALSE,TRUE,TRUE,FALSE,1,184
61590,FALSE,FALSE,FALSE,FALSE,FALSE,1,184
61594,FALSE,TRUE,TRUE,FALSE,FALSE,1,122
61600,TRUE,TRUE,FALSE,FALSE,FALSE,1,184
61602,FALSE,FALSE,TRUE,FALSE,FALSE,1,61
61606,FALSE,TRUE,TRUE,FALSE,TRUE,1,184
61608,FALSE,FALSE,TRUE,TRUE,FALSE,1,184
61609,FALSE,FALSE,TRUE,FALSE,FALSE,1,92
61610,FALSE,FALSE,FALSE,FALSE,FALSE,2,184
61611,FALSE,TRUE,TRUE,FALSE,TRUE,1,92
61612,TRUE,TRUE,TRUE,FALSE,TRUE,1,184
61613,FALSE,FALSE,FALSE,FALSE,FALSE,1,184
61616,FALSE,TRUE,TRUE,FALSE,TRUE,1,31
61618,FALSE,TRUE,TRUE,FALSE,TRUE,1,184
61622,TRUE,FALSE,TRUE,FALSE,FALSE,1,122
61626,TRUE,FALSE,TRUE,FALSE,TRUE,1,184
61627,FALSE,TRUE,TRUE,FALSE,FALSE,1,61
61629,FALSE,FALSE,TRUE,FALSE,TRUE,1,92
61631,FALSE,FALSE,FALSE,FALSE,FALSE,1,61
61634,FALSE,FALSE,TRUE,FALSE,FALSE,1,62
61635,TRUE,TRUE,TRUE,TRUE,TRUE,1,184
61637,FALSE,FALSE,FALSE,FALSE,FALSE,1,92
61638,FALSE,TRUE,TRUE,TRUE,TRUE,1,184
61639,FALSE,FALSE,FALSE,FALSE,FALSE,1,153
61640,FALSE,TRUE,TRUE,FALSE,FALSE,1,153
61643,FALSE,FALSE,TRUE,FALSE,TRUE,1,153
61649,TRUE,TRUE,FALSE,FALSE,FALSE,1,153
61650,FALSE,FALSE,TRUE,FALSE,FALSE,1,184
61651,FALSE,FALSE,TRUE,FALSE,FALSE,1,184
61653,FALSE,TRUE,TRUE,FALSE,FALSE,1,0
61654,FALSE,FALSE,TRUE,FALSE,FALSE,1,184
61655,FALSE,FALSE,TRUE,FALSE,FALSE,1,31
61656,FALSE,TRUE,TRUE,FALSE,TRUE,1,184
61657,FALSE,FALSE,FALSE,FALSE,FALSE,1,184
61658,FALSE,FALSE,TRUE,FALSE,FALSE,1,61
61659,TRUE,TRUE,TRUE,FALSE,TRUE,1,184
61660,FALSE,FALSE,FALSE,FALSE,TRUE,1,184
61661,FALSE,TRUE,FALSE,FALSE,TRUE,1,184
61662,TRUE,FALSE,FALSE,FALSE,TRUE,1,61
61665,FALSE,TRUE,FALSE,FALSE,TRUE,1,31
61666,FALSE,FALSE,FALSE,FALSE,FALSE,1,184
61668,FALSE,FALSE,FALSE,FALSE,FALSE,1,61
61669,TRUE,FALSE,TRUE,FALSE,FALSE,1,153
61671,FALSE,FALSE,FALSE,FALSE,FALSE,1,0
61674,TRUE,TRUE,TRUE,FALSE,FALSE,1,184
61675,FALSE,FALSE,TRUE,FALSE,FALSE,1,184
61676,FALSE,FALSE,TRUE,FALSE,TRUE,1,184
61677,FALSE,FALSE,TRUE,FALSE,FALSE,1,61
61678,TRUE,TRUE,TRUE,FALSE,FALSE,1,92
61679,FALSE,FALSE,FALSE,FALSE,FALSE,1,31
61680,FALSE,FALSE,TRUE,TRUE,FALSE,1,31
61681,TRUE,TRUE,FALSE,TRUE,FALSE,1,184
61682,FALSE,FALSE,FALSE,FALSE,FALSE,1,31
61684,FALSE,FALSE,FALSE,FALSE,FALSE,1,122
61685,FALSE,FALSE,TRUE,FALSE,FALSE,1,31
61686,FALSE,FALSE,FALSE,FALSE,FALSE,2,62
61687,FALSE,TRUE,TRUE,FALSE,FALSE,1,92
61688,TRUE,TRUE,FALSE,TRUE,FALSE,1,184
61689,FALSE,FALSE,FALSE,FALSE,FALSE,1,61
61693,FALSE,TRUE,TRUE,TRUE,FALSE,1,30
61697,FALSE,FALSE,TRUE,FALSE,FALSE,1,153
61701,FALSE,TRUE,TRUE,TRUE,TRUE,1,122
61702,FALSE,FALSE,TRUE,FALSE,FALSE,1,184
61703,FALSE,FALSE,TRUE,FALSE,FALSE,1,153
61708,TRUE,TRUE,TRUE,FALSE,TRUE,1,92
61709,FALSE,TRUE,TRUE,FALSE,TRUE,1,184
61710,FALSE,FALSE,TRUE,FALSE,FALSE,1,62
61711,FALSE,FALSE,FALSE,TRUE,TRUE,1,153
61714,FALSE,TRUE,FALSE,FALSE,FALSE,1,153
61715,TRUE,TRUE,TRUE,TRUE,FALSE,1,91
61716,FALSE,TRUE,FALSE,FALSE,FALSE,1,91
61718,FALSE,TRUE,TRUE,FALSE,TRUE,1,153
61719,FALSE,TRUE,TRUE,TRUE,FALSE,1,153
61722,FALSE,FALSE,TRUE,FALSE,FALSE,1,153
61723,FALSE,TRUE,TRUE,TRUE,FALSE,1,153
61724,FALSE,FALSE,TRUE,FALSE,TRUE,1,153
61726,FALSE,FALSE,FALSE,FALSE,TRUE,1,30
61728,FALSE,FALSE,TRUE,FALSE,FALSE,1,0
61730,TRUE,TRUE,FALSE,FALSE,FALSE,1,153
61731,FALSE,FALSE,FALSE,FALSE,FALSE,1,91
61732,TRUE,FALSE,TRUE,TRUE,FALSE,1,153
61738,FALSE,FALSE,FALSE,FALSE,FALSE,1,0
61739,FALSE,FALSE,TRUE,FALSE,TRUE,1,184
61740,FALSE,FALSE,TRUE,FALSE,FALSE,1,30
61745,FALSE,FALSE,TRUE,FALSE,TRUE,1,184
61746,FALSE,TRUE,TRUE,TRUE,FALSE,1,184
61747,FALSE,FALSE,TRUE,FALSE,FALSE,1,153
61748,FALSE,TRUE,TRUE,FALSE,FALSE,1,62
61749,TRUE,TRUE,TRUE,FALSE,FALSE,1,153
61750,FALSE,TRUE,TRUE,FALSE,FALSE,1,92
61752,FALSE,FALSE,FALSE,FALSE,FALSE,1,153
61753,FALSE,FALSE,TRUE,TRUE,TRUE,1,153
61765,FALSE,TRUE,TRUE,FALSE,TRUE,1,153
61768,FALSE,FALSE,FALSE,FALSE,FALSE,1,153
61778,FALSE,TRUE,TRUE,FALSE,FALSE,1,31
61779,FALSE,FALSE,FALSE,FALSE,TRUE,1,30
61780,FALSE,FALSE,FALSE,FALSE,TRUE,1,153
61781,FALSE,FALSE,FALSE,FALSE,FALSE,1,123
61782,FALSE,FALSE,FALSE,FALSE,FALSE,1,122
61789,FALSE,FALSE,TRUE,FALSE,TRUE,1,61
61790,FALSE,FALSE,TRUE,FALSE,TRUE,1,153
61792,FALSE,TRUE,TRUE,TRUE,FALSE,1,30
61794,FALSE,FALSE,TRUE,FALSE,FALSE,1,153
61795,FALSE,FALSE,TRUE,FALSE,FALSE,1,153
61797,FALSE,FALSE,TRUE,FALSE,FALSE,1,153
61800,FALSE,TRUE,FALSE,FALSE,FALSE,1,153
61813,FALSE,TRUE,TRUE,TRUE,FALSE,1,122
61814,FALSE,FALSE,TRUE,FALSE,TRUE,1,153
61816,FALSE,TRUE,TRUE,TRUE,FALSE,1,91
61817,FALSE,FALSE,FALSE,FALSE,FALSE,1,153
61818,FALSE,FALSE,FALSE,FALSE,FALSE,1,91
61819,FALSE,TRUE,FALSE,FALSE,FALSE,1,153
61825,FALSE,FALSE,FALSE,FALSE,FALSE,1,153
61828,FALSE,TRUE,TRUE,FALSE,TRUE,1,153
61830,FALSE,FALSE,FALSE,FALSE,FALSE,1,61
61831,FALSE,FALSE,FALSE,FALSE,TRUE,1,153
61839,TRUE,FALSE,TRUE,FALSE,TRUE,1,153
61840,FALSE,FALSE,TRUE,FALSE,FALSE,1,61
61842,FALSE,FALSE,FALSE,FALSE,TRUE,1,153
61843,FALSE,TRUE,TRUE,TRUE,FALSE,1,122
61844,FALSE,TRUE,TRUE,FALSE,FALSE,1,153
61848,FALSE,TRUE,TRUE,TRUE,FALSE,1,153
61849,FALSE,FALSE,TRUE,FALSE,FALSE,1,123
61858,FALSE,FALSE,FALSE,FALSE,FALSE,1,30
61859,FALSE,FALSE,FALSE,FALSE,FALSE,1,153
61860,FALSE,FALSE,TRUE,FALSE,FALSE,1,123
61865,FALSE,FALSE,TRUE,FALSE,TRUE,1,123
61867,FALSE,FALSE,TRUE,FALSE,FALSE,1,123
61869,TRUE,TRUE,TRUE,FALSE,FALSE,1,30
61870,FALSE,FALSE,FALSE,FALSE,FALSE,1,153
61871,FALSE,FALSE,TRUE,FALSE,TRUE,1,122
61873,TRUE,TRUE,TRUE,FALSE,FALSE,1,31
61877,FALSE,FALSE,FALSE,FALSE,TRUE,1,123
61879,FALSE,FALSE,FALSE,FALSE,FALSE,1,-30
61881,FALSE,TRUE,TRUE,FALSE,TRUE,1,153
61882,FALSE,TRUE,TRUE,FALSE,FALSE,1,123
61887,FALSE,TRUE,TRUE,FALSE,FALSE,1,61
61888,FALSE,FALSE,TRUE,FALSE,FALSE,1,123
61889,FALSE,TRUE,TRUE,TRUE,TRUE,1,123
61890,FALSE,FALSE,FALSE,FALSE,FALSE,1,123
61891,FALSE,FALSE,TRUE,FALSE,FALSE,1,123
61892,FALSE,FALSE,TRUE,FALSE,TRUE,1,123
61893,FALSE,FALSE,FALSE,FALSE,FALSE,1,153
61894,FALSE,FALSE,FALSE,FALSE,FALSE,1,123
61896,TRUE,TRUE,TRUE,FALSE,FALSE,1,123
61897,FALSE,TRUE,TRUE,FALSE,FALSE,1,31
61900,FALSE,TRUE,TRUE,TRUE,FALSE,1,123
61902,FALSE,FALSE,FALSE,FALSE,FALSE,1,30
61903,FALSE,FALSE,FALSE,FALSE,FALSE,1,92
61905,FALSE,TRUE,TRUE,TRUE,TRUE,1,123
61906,FALSE,TRUE,TRUE,FALSE,FALSE,1,123
61908,FALSE,FALSE,TRUE,FALSE,TRUE,1,61
61910,FALSE,FALSE,FALSE,FALSE,FALSE,1,0
61911,TRUE,FALSE,TRUE,FALSE,FALSE,1,123
61912,FALSE,FALSE,FALSE,FALSE,FALSE,1,123
61913,FALSE,FALSE,TRUE,FALSE,TRUE,1,123
61914,FALSE,TRUE,TRUE,FALSE,TRUE,1,123
61916,FALSE,FALSE,FALSE,FALSE,FALSE,1,153
61919,FALSE,FALSE,FALSE,FALSE,FALSE,1,92
61922,FALSE,TRUE,TRUE,FALSE,TRUE,1,123
61923,FALSE,TRUE,TRUE,FALSE,FALSE,1,31
61924,FALSE,FALSE,FALSE,FALSE,FALSE,1,0
61925,FALSE,FALSE,TRUE,FALSE,FALSE,1,123
61926,FALSE,FALSE,FALSE,FALSE,TRUE,1,123
61927,FALSE,FALSE,TRUE,FALSE,TRUE,1,153
61929,FALSE,FALSE,FALSE,FALSE,FALSE,1,123
61930,FALSE,FALSE,TRUE,FALSE,FALSE,1,123
61931,FALSE,FALSE,FALSE,FALSE,FALSE,1,123
61932,FALSE,FALSE,TRUE,FALSE,FALSE,1,153
61933,TRUE,TRUE,TRUE,TRUE,FALSE,1,123
61934,FALSE,FALSE,FALSE,FALSE,FALSE,1,123
61935,FALSE,FALSE,TRUE,FALSE,FALSE,1,0
61936,TRUE,TRUE,TRUE,FALSE,TRUE,1,30
61937,FALSE,FALSE,FALSE,FALSE,FALSE,1,123
61943,FALSE,FALSE,FALSE,TRUE,FALSE,1,0
61944,TRUE,TRUE,TRUE,FALSE,TRUE,1,92
61945,FALSE,FALSE,FALSE,FALSE,FALSE,1,30
61946,FALSE,FALSE,FALSE,FALSE,TRUE,1,153
61950,FALSE,FALSE,FALSE,FALSE,FALSE,1,92
61951,FALSE,FALSE,TRUE,FALSE,TRUE,1,123
61952,TRUE,TRUE,TRUE,FALSE,FALSE,1,123
61953,FALSE,TRUE,TRUE,FALSE,FALSE,1,123
61954,FALSE,FALSE,TRUE,FALSE,TRUE,1,123
61955,FALSE,FALSE,TRUE,FALSE,FALSE,1,0
61959,FALSE,FALSE,FALSE,FALSE,TRUE,1,123
61960,FALSE,FALSE,FALSE,FALSE,FALSE,1,123
61963,FALSE,FALSE,TRUE,TRUE,FALSE,1,123
61966,FALSE,FALSE,FALSE,FALSE,FALSE,1,123
61967,FALSE,FALSE,TRUE,FALSE,FALSE,1,0
61968,FALSE,FALSE,TRUE,FALSE,FALSE,1,0
61969,FALSE,FALSE,TRUE,FALSE,FALSE,1,0
61973,TRUE,FALSE,TRUE,TRUE,FALSE,1,92
61979,FALSE,FALSE,FALSE,FALSE,FALSE,1,153
61980,FALSE,FALSE,TRUE,FALSE,FALSE,1,0
61981,FALSE,FALSE,FALSE,FALSE,FALSE,1,123
61983,FALSE,FALSE,TRUE,TRUE,TRUE,1,92
61985,FALSE,TRUE,TRUE,FALSE,TRUE,1,123
61986,FALSE,TRUE,TRUE,FALSE,FALSE,1,0
61987,FALSE,FALSE,FALSE,TRUE,FALSE,1,0
61988,FALSE,TRUE,TRUE,FALSE,FALSE,1,123
61990,FALSE,FALSE,FALSE,FALSE,FALSE,1,0
61991,FALSE,FALSE,FALSE,FALSE,FALSE,1,123
61992,FALSE,FALSE,FALSE,FALSE,FALSE,1,123
61993,FALSE,FALSE,FALSE,FALSE,FALSE,1,92
61994,TRUE,TRUE,TRUE,TRUE,FALSE,1,92
61995,FALSE,FALSE,TRUE,TRUE,TRUE,1,123
61996,FALSE,FALSE,FALSE,FALSE,FALSE,1,61
61997,TRUE,FALSE,TRUE,FALSE,TRUE,1,61
61998,FALSE,FALSE,FALSE,FALSE,FALSE,1,0
61999,FALSE,FALSE,FALSE,FALSE,TRUE,1,123
62007,FALSE,FALSE,TRUE,FALSE,FALSE,1,123
62008,TRUE,FALSE,TRUE,TRUE,TRUE,1,123
62014,FALSE,FALSE,TRUE,FALSE,TRUE,1,123
62016,FALSE,TRUE,TRUE,TRUE,TRUE,1,61
62030,FALSE,FALSE,FALSE,TRUE,FALSE,1,123
62031,FALSE,FALSE,TRUE,FALSE,FALSE,1,61
62032,FALSE,TRUE,TRUE,FALSE,FALSE,1,123
62033,FALSE,FALSE,TRUE,FALSE,FALSE,1,123
62034,TRUE,FALSE,TRUE,FALSE,TRUE,1,92
62035,FALSE,FALSE,FALSE,FALSE,FALSE,1,123
62040,FALSE,FALSE,FALSE,FALSE,TRUE,1,92
62041,FALSE,FALSE,TRUE,FALSE,FALSE,1,123
62042,FALSE,TRUE,TRUE,FALSE,FALSE,1,92
62043,FALSE,FALSE,FALSE,FALSE,FALSE,1,92
62044,FALSE,TRUE,TRUE,FALSE,FALSE,1,123
62047,FALSE,FALSE,TRUE,FALSE,FALSE,1,92
62048,FALSE,FALSE,FALSE,FALSE,FALSE,1,61
62049,FALSE,FALSE,TRUE,FALSE,TRUE,1,123
62051,FALSE,FALSE,TRUE,FALSE,FALSE,1,31
62054,FALSE,FALSE,TRUE,TRUE,TRUE,1,92
62058,FALSE,FALSE,TRUE,TRUE,FALSE,1,92
62060,FALSE,FALSE,TRUE,FALSE,FALSE,1,92
62061,FALSE,FALSE,TRUE,FALSE,FALSE,1,92
62064,TRUE,TRUE,TRUE,FALSE,FALSE,1,92
62065,FALSE,FALSE,TRUE,FALSE,TRUE,1,92
62067,FALSE,FALSE,FALSE,FALSE,FALSE,1,92
62069,FALSE,FALSE,FALSE,FALSE,FALSE,1,30
62070,FALSE,FALSE,FALSE,FALSE,FALSE,1,92
62071,FALSE,TRUE,FALSE,FALSE,TRUE,1,92
62072,FALSE,TRUE,FALSE,TRUE,TRUE,1,92
62075,TRUE,TRUE,TRUE,FALSE,FALSE,1,30
62077,FALSE,TRUE,FALSE,FALSE,FALSE,1,92
62078,TRUE,TRUE,TRUE,FALSE,FALSE,1,92
62080,FALSE,FALSE,TRUE,FALSE,FALSE,1,184
62081,FALSE,FALSE,TRUE,FALSE,FALSE,1,92
62084,TRUE,FALSE,FALSE,FALSE,FALSE,1,92
62085,TRUE,TRUE,TRUE,FALSE,FALSE,1,123
62087,FALSE,TRUE,TRUE,FALSE,FALSE,1,30
62088,FALSE,FALSE,TRUE,FALSE,FALSE,1,61
62089,FALSE,FALSE,TRUE,FALSE,FALSE,1,61
62090,TRUE,FALSE,TRUE,FALSE,TRUE,1,92
62091,FALSE,FALSE,FALSE,FALSE,FALSE,1,92
62092,FALSE,TRUE,TRUE,FALSE,FALSE,1,92
62093,FALSE,TRUE,TRUE,FALSE,FALSE,1,31
62094,FALSE,FALSE,FALSE,FALSE,TRUE,1,31
62095,FALSE,FALSE,FALSE,FALSE,FALSE,1,123
62096,FALSE,TRUE,FALSE,FALSE,FALSE,1,123
62097,FALSE,TRUE,TRUE,FALSE,FALSE,1,0
62098,FALSE,TRUE,TRUE,FALSE,FALSE,1,92
62099,FALSE,TRUE,TRUE,FALSE,FALSE,1,92
62101,TRUE,FALSE,TRUE,FALSE,FALSE,1,123
62110,FALSE,TRUE,TRUE,FALSE,FALSE,1,123
62112,FALSE,FALSE,FALSE,FALSE,FALSE,1,30
62113,FALSE,FALSE,FALSE,FALSE,FALSE,1,30
62114,FALSE,FALSE,TRUE,FALSE,TRUE,1,92
62115,TRUE,TRUE,TRUE,FALSE,FALSE,1,92
62117,FALSE,FALSE,TRUE,FALSE,FALSE,1,92
62119,FALSE,FALSE,TRUE,FALSE,FALSE,1,92
62121,FALSE,FALSE,FALSE,FALSE,FALSE,1,92
62122,FALSE,FALSE,TRUE,FALSE,FALSE,1,92
62123,TRUE,FALSE,TRUE,FALSE,FALSE,1,92
62124,FALSE,TRUE,TRUE,FALSE,TRUE,1,92
62125,FALSE,FALSE,TRUE,FALSE,FALSE,1,92
62126,TRUE,FALSE,FALSE,FALSE,FALSE,1,92
62127,FALSE,FALSE,FALSE,FALSE,FALSE,1,30
62132,TRUE,TRUE,TRUE,FALSE,FALSE,1,92
62133,FALSE,FALSE,TRUE,FALSE,FALSE,1,0
62134,FALSE,FALSE,FALSE,FALSE,FALSE,1,92
62135,FALSE,TRUE,TRUE,FALSE,FALSE,1,30
62136,FALSE,FALSE,FALSE,FALSE,TRUE,1,92
62137,FALSE,TRUE,FALSE,TRUE,FALSE,1,30
62138,TRUE,FALSE,TRUE,TRUE,TRUE,1,92
62144,FALSE,TRUE,FALSE,FALSE,FALSE,1,92
62146,TRUE,FALSE,FALSE,FALSE,FALSE,1,92
62147,FALSE,FALSE,TRUE,FALSE,FALSE,1,92
62148,FALSE,FALSE,FALSE,FALSE,FALSE,1,61
62149,TRUE,TRUE,TRUE,FALSE,TRUE,1,30
62150,FALSE,FALSE,FALSE,FALSE,TRUE,1,92
62153,FALSE,FALSE,TRUE,TRUE,FALSE,1,92
62156,TRUE,TRUE,TRUE,FALSE,FALSE,1,61
62158,FALSE,FALSE,FALSE,TRUE,FALSE,1,30
62163,TRUE,FALSE,TRUE,FALSE,TRUE,1,62
62165,FALSE,FALSE,FALSE,FALSE,FALSE,1,61
62166,TRUE,FALSE,TRUE,FALSE,FALSE,1,62
62168,FALSE,TRUE,TRUE,FALSE,FALSE,1,30
62169,FALSE,FALSE,FALSE,FALSE,FALSE,1,30
62173,FALSE,FALSE,TRUE,FALSE,FALSE,1,62
62177,FALSE,FALSE,TRUE,FALSE,FALSE,1,62
62178,FALSE,FALSE,TRUE,FALSE,FALSE,1,92
62179,FALSE,FALSE,TRUE,TRUE,FALSE,1,62
62181,FALSE,FALSE,FALSE,FALSE,TRUE,1,92
62184,FALSE,FALSE,TRUE,FALSE,FALSE,1,62
62186,FALSE,FALSE,TRUE,FALSE,FALSE,1,62
62188,FALSE,FALSE,TRUE,TRUE,FALSE,1,62
62189,FALSE,TRUE,TRUE,TRUE,FALSE,1,62
62196,TRUE,FALSE,TRUE,TRUE,FALSE,1,123
62197,FALSE,FALSE,FALSE,FALSE,FALSE,1,62
62198,FALSE,FALSE,FALSE,FALSE,FALSE,1,30
62199,FALSE,FALSE,TRUE,FALSE,FALSE,1,31
62202,FALSE,FALSE,TRUE,FALSE,FALSE,1,30
62204,TRUE,FALSE,TRUE,FALSE,FALSE,1,62
62205,TRUE,FALSE,FALSE,FALSE,FALSE,1,62
62208,FALSE,FALSE,FALSE,FALSE,FALSE,1,62
62209,TRUE,TRUE,TRUE,FALSE,TRUE,1,62
62211,TRUE,FALSE,FALSE,FALSE,TRUE,1,62
62212,FALSE,FALSE,TRUE,FALSE,TRUE,1,62
62213,FALSE,FALSE,TRUE,TRUE,FALSE,1,62
62214,FALSE,TRUE,FALSE,FALSE,FALSE,1,92
62219,FALSE,FALSE,FALSE,FALSE,FALSE,1,30
62220,TRUE,FALSE,FALSE,FALSE,FALSE,1,0
62221,FALSE,FALSE,FALSE,FALSE,FALSE,1,62
62222,FALSE,FALSE,FALSE,FALSE,TRUE,1,30
62228,FALSE,FALSE,FALSE,FALSE,FALSE,1,62
62230,FALSE,FALSE,TRUE,TRUE,FALSE,1,31
62232,FALSE,FALSE,FALSE,FALSE,FALSE,1,62
62235,FALSE,FALSE,TRUE,FALSE,FALSE,1,62
62237,FALSE,FALSE,TRUE,FALSE,FALSE,1,31
62244,FALSE,FALSE,TRUE,FALSE,FALSE,1,92
62248,FALSE,FALSE,FALSE,FALSE,FALSE,1,62
62249,FALSE,FALSE,FALSE,FALSE,FALSE,1,62
62250,FALSE,FALSE,FALSE,FALSE,TRUE,1,62
62251,FALSE,TRUE,TRUE,FALSE,FALSE,1,62
62252,FALSE,FALSE,FALSE,FALSE,FALSE,1,30
62253,FALSE,FALSE,TRUE,FALSE,FALSE,1,30
62254,FALSE,TRUE,TRUE,TRUE,FALSE,1,62
62255,FALSE,TRUE,TRUE,FALSE,TRUE,1,62
62258,FALSE,TRUE,TRUE,FALSE,FALSE,1,62
62262,FALSE,FALSE,TRUE,FALSE,FALSE,1,62
62263,FALSE,FALSE,TRUE,FALSE,TRUE,1,62
62269,FALSE,FALSE,FALSE,FALSE,FALSE,1,62
62271,FALSE,TRUE,TRUE,TRUE,FALSE,1,0
62274,FALSE,FALSE,FALSE,FALSE,FALSE,1,0
62275,TRUE,FALSE,FALSE,FALSE,FALSE,1,184
62276,FALSE,TRUE,FALSE,FALSE,FALSE,1,62
62277,TRUE,TRUE,TRUE,TRUE,TRUE,1,62
62279,FALSE,FALSE,FALSE,FALSE,TRUE,1,62
62280,FALSE,FALSE,FALSE,FALSE,FALSE,1,61
62282,FALSE,FALSE,FALSE,FALSE,FALSE,1,62
62283,FALSE,FALSE,TRUE,FALSE,FALSE,1,62
62284,FALSE,FALSE,TRUE,FALSE,FALSE,1,62
62285,FALSE,FALSE,TRUE,FALSE,FALSE,1,62
62286,FALSE,FALSE,FALSE,FALSE,TRUE,1,62
62287,FALSE,FALSE,FALSE,FALSE,TRUE,1,62
62288,TRUE,FALSE,TRUE,FALSE,FALSE,1,62
62289,FALSE,TRUE,TRUE,FALSE,FALSE,1,62
62290,FALSE,FALSE,FALSE,FALSE,FALSE,1,31
62291,FALSE,TRUE,TRUE,FALSE,FALSE,1,62
62292,FALSE,FALSE,FALSE,FALSE,FALSE,1,62
62293,FALSE,FALSE,TRUE,TRUE,FALSE,1,62
62294,FALSE,TRUE,TRUE,FALSE,FALSE,1,62
62295,FALSE,FALSE,TRUE,FALSE,FALSE,1,62
62296,TRUE,TRUE,TRUE,FALSE,TRUE,1,31
62299,FALSE,FALSE,FALSE,FALSE,FALSE,1,31
62301,FALSE,FALSE,TRUE,FALSE,FALSE,1,92
62304,FALSE,TRUE,TRUE,TRUE,FALSE,1,31
62305,TRUE,TRUE,TRUE,FALSE,FALSE,1,62
62306,FALSE,FALSE,TRUE,FALSE,FALSE,1,31
62307,FALSE,FALSE,TRUE,FALSE,FALSE,1,92
62313,FALSE,TRUE,FALSE,TRUE,FALSE,1,31
62314,FALSE,TRUE,FALSE,FALSE,FALSE,1,62
62320,FALSE,FALSE,TRUE,FALSE,FALSE,1,31
62321,FALSE,FALSE,FALSE,FALSE,FALSE,1,31
62323,FALSE,FALSE,TRUE,FALSE,FALSE,1,31
62327,FALSE,FALSE,FALSE,FALSE,FALSE,1,62
62331,TRUE,FALSE,TRUE,TRUE,FALSE,1,31
62334,FALSE,TRUE,TRUE,FALSE,TRUE,1,245
62335,FALSE,FALSE,FALSE,FALSE,FALSE,1,92
62336,FALSE,TRUE,TRUE,FALSE,FALSE,1,184
62337,FALSE,FALSE,FALSE,FALSE,FALSE,1,92
62339,FALSE,FALSE,FALSE,FALSE,FALSE,1,62
62349,FALSE,FALSE,TRUE,FALSE,FALSE,1,31
62351,FALSE,FALSE,TRUE,FALSE,TRUE,1,31
62355,FALSE,FALSE,TRUE,FALSE,FALSE,1,61
62365,TRUE,TRUE,TRUE,FALSE,FALSE,1,276
62380,FALSE,FALSE,TRUE,FALSE,FALSE,1,31
62381,FALSE,FALSE,FALSE,FALSE,FALSE,1,306
62390,FALSE,TRUE,TRUE,TRUE,FALSE,1,31
62392,TRUE,TRUE,FALSE,TRUE,FALSE,1,62
62394,FALSE,TRUE,FALSE,FALSE,FALSE,1,31
62403,FALSE,FALSE,FALSE,FALSE,FALSE,1,61
62409,FALSE,FALSE,TRUE,TRUE,FALSE,1,62
62456,TRUE,TRUE,FALSE,TRUE,FALSE,1,306
62465,FALSE,FALSE,TRUE,FALSE,FALSE,1,123
