"CASE_ID","isPlacedFromAcceptReason","isPlacedFromCrossSystem","isPlacedFromAny"
28892,FALSE,TRUE,TRUE
28994,TRUE,TRUE,TRUE
29003,FALSE,TRUE,TRUE
29057,FALSE,TRUE,TRUE
29128,FALSE,TRUE,TRUE
29164,FALSE,FALSE,FALSE
29206,FALSE,FALSE,FALSE
29350,FALSE,TRUE,TRUE
29521,FALSE,TRUE,TRUE
29540,TRUE,TRUE,TRUE
29578,FALSE,FALSE,FALSE
29589,FALSE,TRUE,TRUE
29594,FALSE,TRUE,TRUE
29646,FALSE,TRUE,TRUE
29666,FALSE,TRUE,TRUE
29668,FALSE,TRUE,TRUE
29671,FALSE,FALSE,FALSE
29679,FALSE,FALSE,FALSE
29710,FALSE,TRUE,TRUE
29734,TRUE,TRUE,TRUE
29901,FALSE,TRUE,TRUE
29913,FALSE,FALSE,FALSE
29935,FALSE,FALSE,FALSE
29968,FALSE,TRUE,TRUE
29980,FALSE,FALSE,FALSE
30096,FALSE,FALSE,FALSE
30100,TRUE,TRUE,TRUE
30102,FALSE,TRUE,TRUE
30151,TRUE,TRUE,TRUE
30163,FALSE,TRUE,TRUE
30171,FALSE,FALSE,FALSE
30249,TRUE,TRUE,TRUE
30290,TRUE,TRUE,TRUE
30342,FALSE,TRUE,TRUE
30346,FALSE,TRUE,TRUE
30368,TRUE,TRUE,TRUE
30383,FALSE,FALSE,FALSE
30442,TRUE,TRUE,TRUE
30444,FALSE,TRUE,TRUE
30452,FALSE,TRUE,TRUE
30495,TRUE,TRUE,TRUE
30516,TRUE,TRUE,TRUE
30572,FALSE,TRUE,TRUE
30643,FALSE,TRUE,TRUE
30645,TRUE,TRUE,TRUE
30648,FALSE,TRUE,TRUE
30670,FALSE,TRUE,TRUE
30701,FALSE,FALSE,FALSE
30737,FALSE,TRUE,TRUE
30743,FALSE,TRUE,TRUE
30747,FALSE,FALSE,FALSE
30772,FALSE,FALSE,FALSE
30779,FALSE,TRUE,TRUE
30788,FALSE,TRUE,TRUE
30869,TRUE,TRUE,TRUE
30901,FALSE,TRUE,TRUE
30902,FALSE,TRUE,TRUE
30905,FALSE,FALSE,FALSE
30943,FALSE,TRUE,TRUE
30990,FALSE,TRUE,TRUE
31041,FALSE,FALSE,FALSE
31052,FALSE,TRUE,TRUE
31053,FALSE,TRUE,TRUE
31119,TRUE,TRUE,TRUE
31188,FALSE,TRUE,TRUE
31197,FALSE,TRUE,TRUE
31209,TRUE,TRUE,TRUE
31219,FALSE,FALSE,FALSE
31258,FALSE,FALSE,FALSE
31285,TRUE,TRUE,TRUE
31314,FALSE,TRUE,TRUE
31316,FALSE,TRUE,TRUE
31339,FALSE,TRUE,TRUE
31341,FALSE,TRUE,TRUE
31368,FALSE,TRUE,TRUE
31520,FALSE,TRUE,TRUE
31523,FALSE,FALSE,FALSE
31524,TRUE,TRUE,TRUE
31540,FALSE,TRUE,TRUE
31600,FALSE,FALSE,FALSE
31610,FALSE,TRUE,TRUE
31652,FALSE,TRUE,TRUE
31659,FALSE,FALSE,FALSE
31661,FALSE,TRUE,TRUE
31683,FALSE,TRUE,TRUE
31707,FALSE,FALSE,FALSE
31712,FALSE,TRUE,TRUE
31718,FALSE,TRUE,TRUE
31734,FALSE,TRUE,TRUE
31772,TRUE,TRUE,TRUE
31779,FALSE,TRUE,TRUE
31782,FALSE,TRUE,TRUE
31795,FALSE,TRUE,TRUE
31796,FALSE,TRUE,TRUE
31812,TRUE,TRUE,TRUE
31826,FALSE,TRUE,TRUE
31835,FALSE,TRUE,TRUE
31837,FALSE,TRUE,TRUE
31853,FALSE,TRUE,TRUE
31856,FALSE,TRUE,TRUE
31869,FALSE,TRUE,TRUE
31884,FALSE,TRUE,TRUE
31942,FALSE,TRUE,TRUE
31962,TRUE,TRUE,TRUE
31978,FALSE,FALSE,FALSE
31991,TRUE,FALSE,TRUE
31999,FALSE,TRUE,TRUE
32007,FALSE,TRUE,TRUE
32048,TRUE,FALSE,TRUE
32055,FALSE,FALSE,FALSE
32078,FALSE,TRUE,TRUE
32086,FALSE,TRUE,TRUE
32091,TRUE,TRUE,TRUE
32095,FALSE,TRUE,TRUE
32124,FALSE,TRUE,TRUE
32169,TRUE,FALSE,TRUE
32209,TRUE,FALSE,TRUE
32274,FALSE,TRUE,TRUE
32301,FALSE,TRUE,TRUE
32324,FALSE,TRUE,TRUE
32334,TRUE,TRUE,TRUE
32397,FALSE,TRUE,TRUE
32418,FALSE,FALSE,FALSE
32428,FALSE,FALSE,FALSE
32478,TRUE,TRUE,TRUE
32542,FALSE,TRUE,TRUE
32604,FALSE,TRUE,TRUE
32613,TRUE,TRUE,TRUE
32615,FALSE,TRUE,TRUE
32659,TRUE,TRUE,TRUE
32668,FALSE,FALSE,FALSE
32680,FALSE,TRUE,TRUE
32716,FALSE,TRUE,TRUE
32731,FALSE,TRUE,TRUE
32754,TRUE,FALSE,TRUE
32790,FALSE,TRUE,TRUE
32801,FALSE,TRUE,TRUE
32809,FALSE,FALSE,FALSE
32839,FALSE,TRUE,TRUE
32902,FALSE,TRUE,TRUE
32945,FALSE,FALSE,FALSE
32961,FALSE,TRUE,TRUE
32980,FALSE,FALSE,FALSE
32993,TRUE,TRUE,TRUE
33098,FALSE,TRUE,TRUE
33101,FALSE,TRUE,TRUE
33102,TRUE,TRUE,TRUE
33135,TRUE,TRUE,TRUE
33138,FALSE,FALSE,FALSE
33139,TRUE,TRUE,TRUE
33170,FALSE,FALSE,FALSE
33197,TRUE,FALSE,TRUE
33255,FALSE,TRUE,TRUE
33268,TRUE,TRUE,TRUE
33274,FALSE,TRUE,TRUE
33289,FALSE,FALSE,FALSE
33301,FALSE,TRUE,TRUE
33339,FALSE,TRUE,TRUE
33342,FALSE,TRUE,TRUE
33349,FALSE,TRUE,TRUE
33366,TRUE,TRUE,TRUE
33405,FALSE,TRUE,TRUE
33410,TRUE,TRUE,TRUE
33413,FALSE,TRUE,TRUE
33453,FALSE,TRUE,TRUE
33472,FALSE,TRUE,TRUE
33514,FALSE,FALSE,FALSE
33598,FALSE,TRUE,TRUE
33624,FALSE,TRUE,TRUE
33648,FALSE,FALSE,FALSE
33651,FALSE,FALSE,FALSE
33671,FALSE,TRUE,TRUE
33673,TRUE,TRUE,TRUE
33692,FALSE,TRUE,TRUE
33693,FALSE,TRUE,TRUE
33700,FALSE,FALSE,FALSE
33724,FALSE,FALSE,FALSE
33771,FALSE,TRUE,TRUE
33809,FALSE,FALSE,FALSE
33820,FALSE,TRUE,TRUE
33824,FALSE,TRUE,TRUE
33841,FALSE,TRUE,TRUE
33876,FALSE,FALSE,FALSE
33902,FALSE,TRUE,TRUE
33904,FALSE,TRUE,TRUE
33941,TRUE,TRUE,TRUE
33950,FALSE,FALSE,FALSE
33958,FALSE,FALSE,FALSE
34021,FALSE,FALSE,FALSE
34082,TRUE,TRUE,TRUE
34126,FALSE,FALSE,FALSE
34145,FALSE,TRUE,TRUE
34154,FALSE,TRUE,TRUE
34155,FALSE,TRUE,TRUE
34193,FALSE,FALSE,FALSE
34279,FALSE,FALSE,FALSE
34312,FALSE,TRUE,TRUE
34319,FALSE,TRUE,TRUE
34341,FALSE,TRUE,TRUE
34622,FALSE,TRUE,TRUE
34771,TRUE,TRUE,TRUE
34779,FALSE,TRUE,TRUE
34815,FALSE,FALSE,FALSE
34842,FALSE,FALSE,FALSE
34851,FALSE,TRUE,TRUE
34866,TRUE,FALSE,TRUE
34868,FALSE,TRUE,TRUE
34871,FALSE,TRUE,TRUE
34889,FALSE,FALSE,FALSE
34896,FALSE,FALSE,FALSE
34902,FALSE,TRUE,TRUE
34933,FALSE,TRUE,TRUE
34938,FALSE,FALSE,FALSE
35045,FALSE,FALSE,FALSE
35070,FALSE,FALSE,FALSE
35095,FALSE,FALSE,FALSE
35137,FALSE,TRUE,TRUE
35211,FALSE,TRUE,TRUE
35279,FALSE,FALSE,FALSE
35292,FALSE,TRUE,TRUE
35343,FALSE,TRUE,TRUE
35460,FALSE,FALSE,FALSE
35475,TRUE,TRUE,TRUE
35485,FALSE,FALSE,FALSE
35486,TRUE,TRUE,TRUE
35495,FALSE,FALSE,FALSE
36008,TRUE,TRUE,TRUE
36714,FALSE,FALSE,FALSE
37967,TRUE,TRUE,TRUE
38507,FALSE,FALSE,FALSE
39033,TRUE,TRUE,TRUE
39138,FALSE,TRUE,TRUE
39146,FALSE,TRUE,TRUE
39179,FALSE,FALSE,FALSE
39962,FALSE,TRUE,TRUE
40541,FALSE,TRUE,TRUE
40747,FALSE,TRUE,TRUE
41622,FALSE,TRUE,TRUE
41785,FALSE,FALSE,FALSE
42009,TRUE,TRUE,TRUE
42049,FALSE,TRUE,TRUE
42175,TRUE,TRUE,TRUE
43069,FALSE,TRUE,TRUE
43283,FALSE,FALSE,FALSE
47057,FALSE,FALSE,FALSE
47089,FALSE,FALSE,FALSE
47106,FALSE,FALSE,FALSE
47149,FALSE,TRUE,TRUE
47157,FALSE,TRUE,TRUE
47220,FALSE,TRUE,TRUE
47253,FALSE,FALSE,FALSE
47271,FALSE,TRUE,TRUE
47289,FALSE,FALSE,FALSE
47530,TRUE,TRUE,TRUE
47536,FALSE,TRUE,TRUE
47572,FALSE,FALSE,FALSE
47573,FALSE,FALSE,FALSE
47590,FALSE,TRUE,TRUE
47592,FALSE,FALSE,FALSE
47653,FALSE,FALSE,FALSE
47655,FALSE,TRUE,TRUE
47678,FALSE,TRUE,TRUE
47740,FALSE,TRUE,TRUE
47767,FALSE,TRUE,TRUE
47775,FALSE,TRUE,TRUE
47804,FALSE,TRUE,TRUE
47829,FALSE,FALSE,FALSE
48227,FALSE,TRUE,TRUE
48241,FALSE,TRUE,TRUE
48256,FALSE,FALSE,FALSE
48289,TRUE,TRUE,TRUE
48296,FALSE,TRUE,TRUE
48337,FALSE,TRUE,TRUE
48361,FALSE,TRUE,TRUE
48366,FALSE,FALSE,FALSE
48398,FALSE,TRUE,TRUE
48433,FALSE,TRUE,TRUE
48475,FALSE,TRUE,TRUE
48488,FALSE,FALSE,FALSE
48526,FALSE,FALSE,FALSE
48532,TRUE,TRUE,TRUE
48539,FALSE,FALSE,FALSE
48555,FALSE,TRUE,TRUE
48565,FALSE,FALSE,FALSE
48613,FALSE,FALSE,FALSE
48665,FALSE,FALSE,FALSE
48717,FALSE,FALSE,FALSE
48721,FALSE,TRUE,TRUE
48753,FALSE,FALSE,FALSE
48756,FALSE,TRUE,TRUE
48776,FALSE,FALSE,FALSE
48782,FALSE,FALSE,FALSE
48805,FALSE,FALSE,FALSE
48810,FALSE,FALSE,FALSE
48817,TRUE,FALSE,TRUE
48820,FALSE,FALSE,FALSE
48828,FALSE,TRUE,TRUE
48851,FALSE,TRUE,TRUE
48879,FALSE,FALSE,FALSE
48947,FALSE,TRUE,TRUE
49016,FALSE,FALSE,FALSE
49055,FALSE,FALSE,FALSE
49081,FALSE,FALSE,FALSE
49086,FALSE,TRUE,TRUE
49188,FALSE,TRUE,TRUE
49410,FALSE,TRUE,TRUE
49447,FALSE,TRUE,TRUE
49456,FALSE,FALSE,FALSE
49551,TRUE,TRUE,TRUE
49562,FALSE,FALSE,FALSE
49568,FALSE,TRUE,TRUE
49584,FALSE,TRUE,TRUE
49634,FALSE,FALSE,FALSE
49662,FALSE,FALSE,FALSE
49678,FALSE,TRUE,TRUE
49680,FALSE,FALSE,FALSE
49689,FALSE,FALSE,FALSE
49740,FALSE,TRUE,TRUE
49870,FALSE,FALSE,FALSE
49946,FALSE,TRUE,TRUE
50096,FALSE,FALSE,FALSE
50199,FALSE,TRUE,TRUE
50263,FALSE,FALSE,FALSE
50545,TRUE,FALSE,TRUE
50644,FALSE,TRUE,TRUE
50647,FALSE,TRUE,TRUE
50662,FALSE,FALSE,FALSE
50805,FALSE,FALSE,FALSE
50813,FALSE,FALSE,FALSE
50815,FALSE,TRUE,TRUE
50867,FALSE,TRUE,TRUE
50874,FALSE,TRUE,TRUE
50942,FALSE,FALSE,FALSE
50985,FALSE,TRUE,TRUE
51053,TRUE,TRUE,TRUE
51085,TRUE,TRUE,TRUE
51098,FALSE,TRUE,TRUE
51129,FALSE,TRUE,TRUE
51132,FALSE,TRUE,TRUE
51178,FALSE,TRUE,TRUE
51184,FALSE,TRUE,TRUE
51196,FALSE,TRUE,TRUE
51306,FALSE,TRUE,TRUE
51334,FALSE,TRUE,TRUE
51337,FALSE,FALSE,FALSE
51343,FALSE,TRUE,TRUE
51388,FALSE,FALSE,FALSE
51404,FALSE,TRUE,TRUE
51416,FALSE,TRUE,TRUE
51473,FALSE,TRUE,TRUE
51485,FALSE,FALSE,FALSE
51645,FALSE,FALSE,FALSE
51650,FALSE,TRUE,TRUE
51689,FALSE,FALSE,FALSE
51692,FALSE,TRUE,TRUE
51693,FALSE,TRUE,TRUE
51696,FALSE,FALSE,FALSE
51908,FALSE,FALSE,FALSE
51910,FALSE,TRUE,TRUE
51922,FALSE,FALSE,FALSE
51950,FALSE,TRUE,TRUE
52005,FALSE,TRUE,TRUE
52058,FALSE,TRUE,TRUE
52085,FALSE,FALSE,FALSE
52145,FALSE,TRUE,TRUE
52184,FALSE,FALSE,FALSE
52204,FALSE,TRUE,TRUE
52223,FALSE,FALSE,FALSE
52239,FALSE,TRUE,TRUE
52276,FALSE,FALSE,FALSE
52283,FALSE,FALSE,FALSE
52302,FALSE,FALSE,FALSE
52338,FALSE,FALSE,FALSE
52343,FALSE,FALSE,FALSE
52359,TRUE,TRUE,TRUE
52372,FALSE,TRUE,TRUE
52375,FALSE,FALSE,FALSE
52396,FALSE,TRUE,TRUE
52405,FALSE,FALSE,FALSE
52485,FALSE,FALSE,FALSE
52546,FALSE,FALSE,FALSE
52552,TRUE,TRUE,TRUE
52761,FALSE,FALSE,FALSE
52926,FALSE,TRUE,TRUE
52937,FALSE,TRUE,TRUE
52947,FALSE,TRUE,TRUE
52964,FALSE,TRUE,TRUE
52971,FALSE,TRUE,TRUE
52976,FALSE,TRUE,TRUE
53000,TRUE,TRUE,TRUE
53005,FALSE,FALSE,FALSE
53054,FALSE,TRUE,TRUE
53115,FALSE,TRUE,TRUE
53194,FALSE,FALSE,FALSE
53200,TRUE,TRUE,TRUE
53205,FALSE,TRUE,TRUE
53215,FALSE,FALSE,FALSE
53264,FALSE,TRUE,TRUE
53266,FALSE,TRUE,TRUE
53282,FALSE,TRUE,TRUE
53305,FALSE,TRUE,TRUE
53410,FALSE,FALSE,FALSE
53426,FALSE,TRUE,TRUE
53432,FALSE,TRUE,TRUE
53446,FALSE,FALSE,FALSE
53534,FALSE,TRUE,TRUE
53561,TRUE,TRUE,TRUE
53573,FALSE,FALSE,FALSE
53575,FALSE,FALSE,FALSE
53603,FALSE,TRUE,TRUE
53659,TRUE,TRUE,TRUE
53673,TRUE,TRUE,TRUE
53679,FALSE,TRUE,TRUE
53688,TRUE,FALSE,TRUE
53742,FALSE,TRUE,TRUE
53793,TRUE,TRUE,TRUE
53838,FALSE,FALSE,FALSE
53929,FALSE,TRUE,TRUE
53948,FALSE,FALSE,FALSE
54075,FALSE,FALSE,FALSE
54083,TRUE,TRUE,TRUE
54120,FALSE,FALSE,FALSE
54125,FALSE,FALSE,FALSE
54158,FALSE,FALSE,FALSE
54179,FALSE,TRUE,TRUE
54207,FALSE,TRUE,TRUE
54231,FALSE,TRUE,TRUE
54237,FALSE,FALSE,FALSE
54256,FALSE,TRUE,TRUE
54269,FALSE,FALSE,FALSE
54285,FALSE,TRUE,TRUE
54390,FALSE,TRUE,TRUE
54394,TRUE,FALSE,TRUE
54427,FALSE,TRUE,TRUE
54505,FALSE,TRUE,TRUE
54538,FALSE,FALSE,FALSE
54586,TRUE,TRUE,TRUE
54600,FALSE,FALSE,FALSE
54642,FALSE,FALSE,FALSE
54680,FALSE,FALSE,FALSE
54686,FALSE,TRUE,TRUE
54748,TRUE,TRUE,TRUE
54758,FALSE,TRUE,TRUE
54781,FALSE,TRUE,TRUE
54788,FALSE,TRUE,TRUE
54814,FALSE,TRUE,TRUE
54856,FALSE,TRUE,TRUE
54859,FALSE,FALSE,FALSE
54874,FALSE,TRUE,TRUE
54935,FALSE,FALSE,FALSE
54949,FALSE,FALSE,FALSE
54950,FALSE,FALSE,FALSE
54954,FALSE,FALSE,FALSE
54968,TRUE,TRUE,TRUE
55040,FALSE,TRUE,TRUE
55059,FALSE,FALSE,FALSE
55101,FALSE,FALSE,FALSE
55112,TRUE,TRUE,TRUE
55133,FALSE,TRUE,TRUE
55136,FALSE,TRUE,TRUE
55175,FALSE,TRUE,TRUE
55198,FALSE,TRUE,TRUE
55219,TRUE,TRUE,TRUE
55236,FALSE,TRUE,TRUE
55245,FALSE,FALSE,FALSE
55273,TRUE,TRUE,TRUE
55335,FALSE,TRUE,TRUE
55383,FALSE,FALSE,FALSE
55392,FALSE,FALSE,FALSE
55504,FALSE,FALSE,FALSE
55525,FALSE,FALSE,FALSE
55600,FALSE,TRUE,TRUE
55615,FALSE,TRUE,TRUE
55623,FALSE,FALSE,FALSE
55700,FALSE,TRUE,TRUE
55719,FALSE,TRUE,TRUE
55823,TRUE,TRUE,TRUE
55839,TRUE,TRUE,TRUE
55841,FALSE,TRUE,TRUE
55869,FALSE,FALSE,FALSE
55881,FALSE,TRUE,TRUE
55993,FALSE,TRUE,TRUE
56007,FALSE,TRUE,TRUE
56008,TRUE,TRUE,TRUE
56103,FALSE,FALSE,FALSE
56115,FALSE,TRUE,TRUE
56122,FALSE,FALSE,FALSE
56127,FALSE,FALSE,FALSE
56141,FALSE,TRUE,TRUE
56156,FALSE,FALSE,FALSE
56183,TRUE,FALSE,TRUE
56191,TRUE,FALSE,TRUE
56197,FALSE,TRUE,TRUE
56237,FALSE,TRUE,TRUE
56265,FALSE,FALSE,FALSE
56306,FALSE,FALSE,FALSE
56314,FALSE,FALSE,FALSE
56318,FALSE,TRUE,TRUE
56319,FALSE,FALSE,FALSE
56370,FALSE,FALSE,FALSE
56397,FALSE,FALSE,FALSE
56405,TRUE,TRUE,TRUE
56490,FALSE,TRUE,TRUE
56499,FALSE,TRUE,TRUE
56504,FALSE,TRUE,TRUE
56525,FALSE,TRUE,TRUE
56531,FALSE,FALSE,FALSE
56538,FALSE,TRUE,TRUE
56549,FALSE,FALSE,FALSE
56561,FALSE,TRUE,TRUE
56588,FALSE,FALSE,FALSE
56638,FALSE,TRUE,TRUE
56660,FALSE,TRUE,TRUE
56685,FALSE,TRUE,TRUE
56693,FALSE,FALSE,FALSE
56725,FALSE,TRUE,TRUE
56744,FALSE,FALSE,FALSE
56768,FALSE,TRUE,TRUE
56799,FALSE,FALSE,FALSE
56804,FALSE,TRUE,TRUE
56813,FALSE,TRUE,TRUE
56840,FALSE,TRUE,TRUE
56847,FALSE,FALSE,FALSE
56860,FALSE,TRUE,TRUE
56865,FALSE,TRUE,TRUE
56912,FALSE,TRUE,TRUE
56925,FALSE,FALSE,FALSE
57046,TRUE,FALSE,TRUE
57088,TRUE,TRUE,TRUE
57145,TRUE,FALSE,TRUE
57158,FALSE,FALSE,FALSE
57164,FALSE,TRUE,TRUE
57171,FALSE,TRUE,TRUE
57217,FALSE,FALSE,FALSE
57274,FALSE,FALSE,FALSE
57303,FALSE,FALSE,FALSE
57410,FALSE,FALSE,FALSE
57436,FALSE,FALSE,FALSE
57444,FALSE,TRUE,TRUE
57490,FALSE,FALSE,FALSE
57492,FALSE,TRUE,TRUE
57509,FALSE,FALSE,FALSE
57525,TRUE,TRUE,TRUE
57556,FALSE,TRUE,TRUE
57623,FALSE,TRUE,TRUE
57630,TRUE,TRUE,TRUE
57663,FALSE,FALSE,FALSE
57683,TRUE,TRUE,TRUE
57697,FALSE,TRUE,TRUE
57698,FALSE,TRUE,TRUE
57728,FALSE,FALSE,FALSE
57732,TRUE,TRUE,TRUE
57744,TRUE,TRUE,TRUE
57759,FALSE,FALSE,FALSE
57816,FALSE,FALSE,FALSE
57840,TRUE,TRUE,TRUE
57870,FALSE,TRUE,TRUE
57887,FALSE,FALSE,FALSE
57972,TRUE,FALSE,TRUE
58022,TRUE,TRUE,TRUE
58040,FALSE,TRUE,TRUE
58080,FALSE,TRUE,TRUE
58092,FALSE,FALSE,FALSE
58181,FALSE,FALSE,FALSE
58232,FALSE,TRUE,TRUE
58245,TRUE,FALSE,TRUE
58280,FALSE,TRUE,TRUE
58291,FALSE,TRUE,TRUE
58302,FALSE,FALSE,FALSE
58339,FALSE,FALSE,FALSE
58347,FALSE,TRUE,TRUE
58379,FALSE,TRUE,TRUE
58381,FALSE,TRUE,TRUE
58383,FALSE,FALSE,FALSE
58406,FALSE,TRUE,TRUE
58427,FALSE,TRUE,TRUE
58428,TRUE,TRUE,TRUE
58431,FALSE,TRUE,TRUE
58447,FALSE,FALSE,FALSE
58451,FALSE,TRUE,TRUE
58463,FALSE,TRUE,TRUE
58492,FALSE,FALSE,FALSE
58552,FALSE,TRUE,TRUE
58561,TRUE,TRUE,TRUE
58583,FALSE,TRUE,TRUE
58618,FALSE,TRUE,TRUE
58638,FALSE,TRUE,TRUE
58643,FALSE,FALSE,FALSE
58668,FALSE,FALSE,FALSE
58697,FALSE,TRUE,TRUE
58702,FALSE,FALSE,FALSE
58704,FALSE,FALSE,FALSE
58712,FALSE,TRUE,TRUE
58723,FALSE,FALSE,FALSE
58734,TRUE,TRUE,TRUE
58735,FALSE,FALSE,FALSE
58761,FALSE,FALSE,FALSE
58784,FALSE,TRUE,TRUE
58787,TRUE,FALSE,TRUE
58802,TRUE,FALSE,TRUE
58824,FALSE,FALSE,FALSE
58844,FALSE,FALSE,FALSE
58857,TRUE,TRUE,TRUE
58973,FALSE,TRUE,TRUE
58994,FALSE,TRUE,TRUE
58998,FALSE,TRUE,TRUE
58999,FALSE,FALSE,FALSE
59012,FALSE,FALSE,FALSE
59034,FALSE,FALSE,FALSE
59036,FALSE,TRUE,TRUE
59054,FALSE,TRUE,TRUE
59086,FALSE,FALSE,FALSE
59093,FALSE,TRUE,TRUE
59110,FALSE,TRUE,TRUE
59156,FALSE,TRUE,TRUE
59162,FALSE,TRUE,TRUE
59180,FALSE,FALSE,FALSE
59226,FALSE,TRUE,TRUE
59233,FALSE,FALSE,FALSE
59263,FALSE,TRUE,TRUE
59282,FALSE,TRUE,TRUE
59384,FALSE,TRUE,TRUE
59398,FALSE,FALSE,FALSE
59433,TRUE,TRUE,TRUE
59457,TRUE,TRUE,TRUE
59458,FALSE,TRUE,TRUE
59465,TRUE,FALSE,TRUE
59476,FALSE,FALSE,FALSE
59486,FALSE,TRUE,TRUE
59512,FALSE,FALSE,FALSE
59576,FALSE,FALSE,FALSE
59592,TRUE,TRUE,TRUE
59605,FALSE,FALSE,FALSE
59632,FALSE,FALSE,FALSE
59661,TRUE,TRUE,TRUE
59663,FALSE,FALSE,FALSE
59677,TRUE,FALSE,TRUE
59679,FALSE,TRUE,TRUE
59693,FALSE,TRUE,TRUE
59697,FALSE,TRUE,TRUE
59717,FALSE,TRUE,TRUE
59722,TRUE,TRUE,TRUE
59765,FALSE,FALSE,FALSE
59783,TRUE,TRUE,TRUE
59798,TRUE,TRUE,TRUE
59815,TRUE,TRUE,TRUE
59841,FALSE,FALSE,FALSE
59855,TRUE,FALSE,TRUE
59883,FALSE,FALSE,FALSE
59888,FALSE,TRUE,TRUE
59899,FALSE,FALSE,FALSE
59906,FALSE,TRUE,TRUE
60003,FALSE,FALSE,FALSE
60033,FALSE,FALSE,FALSE
60035,FALSE,TRUE,TRUE
60064,FALSE,FALSE,FALSE
60071,TRUE,TRUE,TRUE
60083,FALSE,FALSE,FALSE
60090,FALSE,TRUE,TRUE
60103,FALSE,FALSE,FALSE
60111,TRUE,TRUE,TRUE
60132,FALSE,FALSE,FALSE
60133,FALSE,TRUE,TRUE
60166,FALSE,TRUE,TRUE
60173,TRUE,TRUE,TRUE
60180,FALSE,FALSE,FALSE
60205,FALSE,TRUE,TRUE
60250,FALSE,FALSE,FALSE
60298,FALSE,TRUE,TRUE
60334,FALSE,TRUE,TRUE
60372,FALSE,FALSE,FALSE
60374,TRUE,TRUE,TRUE
60380,FALSE,TRUE,TRUE
60383,FALSE,FALSE,FALSE
60400,FALSE,FALSE,FALSE
60410,FALSE,FALSE,FALSE
60414,FALSE,FALSE,FALSE
60416,FALSE,FALSE,FALSE
60441,FALSE,FALSE,FALSE
60456,TRUE,TRUE,TRUE
60497,TRUE,TRUE,TRUE
60516,FALSE,TRUE,TRUE
60533,TRUE,TRUE,TRUE
60543,TRUE,FALSE,TRUE
60549,TRUE,TRUE,TRUE
60604,FALSE,FALSE,FALSE
60612,TRUE,TRUE,TRUE
60633,TRUE,TRUE,TRUE
60639,FALSE,TRUE,TRUE
60643,FALSE,FALSE,FALSE
60671,FALSE,FALSE,FALSE
60680,TRUE,TRUE,TRUE
60694,TRUE,TRUE,TRUE
60697,FALSE,FALSE,FALSE
60699,FALSE,FALSE,FALSE
60700,FALSE,TRUE,TRUE
60701,FALSE,TRUE,TRUE
60706,FALSE,TRUE,TRUE
60707,FALSE,FALSE,FALSE
60710,FALSE,TRUE,TRUE
60713,FALSE,FALSE,FALSE
60715,FALSE,FALSE,FALSE
60718,FALSE,TRUE,TRUE
60719,FALSE,FALSE,FALSE
60720,FALSE,TRUE,TRUE
60723,FALSE,FALSE,FALSE
60729,FALSE,FALSE,FALSE
60730,FALSE,FALSE,FALSE
60731,TRUE,TRUE,TRUE
60735,FALSE,FALSE,FALSE
60736,FALSE,FALSE,FALSE
60738,FALSE,FALSE,FALSE
60740,FALSE,FALSE,FALSE
60741,TRUE,TRUE,TRUE
60743,TRUE,TRUE,TRUE
60744,TRUE,TRUE,TRUE
60745,TRUE,TRUE,TRUE
60747,FALSE,FALSE,FALSE
60750,FALSE,TRUE,TRUE
60752,FALSE,FALSE,FALSE
60753,FALSE,TRUE,TRUE
60755,FALSE,FALSE,FALSE
60756,FALSE,FALSE,FALSE
60760,FALSE,FALSE,FALSE
60762,FALSE,FALSE,FALSE
60764,FALSE,FALSE,FALSE
60766,FALSE,TRUE,TRUE
60767,FALSE,FALSE,FALSE
60770,FALSE,FALSE,FALSE
60771,FALSE,TRUE,TRUE
60772,FALSE,TRUE,TRUE
60774,TRUE,FALSE,TRUE
60777,FALSE,FALSE,FALSE
60781,FALSE,FALSE,FALSE
60782,FALSE,FALSE,FALSE
60787,FALSE,FALSE,FALSE
60788,FALSE,TRUE,TRUE
60789,FALSE,FALSE,FALSE
60793,FALSE,TRUE,TRUE
60794,FALSE,TRUE,TRUE
60799,FALSE,FALSE,FALSE
60806,FALSE,FALSE,FALSE
60807,FALSE,FALSE,FALSE
60811,FALSE,FALSE,FALSE
60814,FALSE,FALSE,FALSE
60817,FALSE,FALSE,FALSE
60818,FALSE,FALSE,FALSE
60820,FALSE,FALSE,FALSE
60821,FALSE,TRUE,TRUE
60822,FALSE,TRUE,TRUE
60823,FALSE,TRUE,TRUE
60825,FALSE,TRUE,TRUE
60829,FALSE,FALSE,FALSE
60836,FALSE,FALSE,FALSE
60838,FALSE,TRUE,TRUE
60839,FALSE,FALSE,FALSE
60841,FALSE,FALSE,FALSE
60842,FALSE,TRUE,TRUE
60843,FALSE,FALSE,FALSE
60847,FALSE,FALSE,FALSE
60850,FALSE,FALSE,FALSE
60852,FALSE,FALSE,FALSE
60853,FALSE,FALSE,FALSE
60854,FALSE,FALSE,FALSE
60856,FALSE,FALSE,FALSE
60857,FALSE,FALSE,FALSE
60859,FALSE,FALSE,FALSE
60862,FALSE,FALSE,FALSE
60863,FALSE,FALSE,FALSE
60864,FALSE,FALSE,FALSE
60869,FALSE,FALSE,FALSE
60870,TRUE,FALSE,TRUE
60871,FALSE,TRUE,TRUE
60872,FALSE,FALSE,FALSE
60873,FALSE,TRUE,TRUE
60874,FALSE,FALSE,FALSE
60875,FALSE,FALSE,FALSE
60876,FALSE,FALSE,FALSE
60877,FALSE,FALSE,FALSE
60878,FALSE,TRUE,TRUE
60882,FALSE,TRUE,TRUE
60883,FALSE,TRUE,TRUE
60884,FALSE,TRUE,TRUE
60885,FALSE,FALSE,FALSE
60888,FALSE,FALSE,FALSE
60889,FALSE,FALSE,FALSE
60890,FALSE,TRUE,TRUE
60893,FALSE,TRUE,TRUE
60895,FALSE,TRUE,TRUE
60896,FALSE,FALSE,FALSE
60897,FALSE,FALSE,FALSE
60900,FALSE,TRUE,TRUE
60901,FALSE,FALSE,FALSE
60902,FALSE,FALSE,FALSE
60903,FALSE,FALSE,FALSE
60904,FALSE,FALSE,FALSE
60906,FALSE,TRUE,TRUE
60907,FALSE,TRUE,TRUE
60908,FALSE,FALSE,FALSE
60909,FALSE,FALSE,FALSE
60914,FALSE,FALSE,FALSE
60915,FALSE,FALSE,FALSE
60916,FALSE,FALSE,FALSE
60919,FALSE,FALSE,FALSE
60920,FALSE,TRUE,TRUE
60921,FALSE,FALSE,FALSE
60923,FALSE,FALSE,FALSE
60925,FALSE,TRUE,TRUE
60928,FALSE,FALSE,FALSE
60929,FALSE,FALSE,FALSE
60930,FALSE,TRUE,TRUE
60932,TRUE,TRUE,TRUE
60937,FALSE,FALSE,FALSE
60938,FALSE,FALSE,FALSE
60943,FALSE,FALSE,FALSE
60945,FALSE,TRUE,TRUE
60946,FALSE,TRUE,TRUE
60948,FALSE,TRUE,TRUE
60949,FALSE,TRUE,TRUE
60950,FALSE,TRUE,TRUE
60951,FALSE,FALSE,FALSE
60953,FALSE,TRUE,TRUE
60961,FALSE,FALSE,FALSE
60962,FALSE,FALSE,FALSE
60964,FALSE,FALSE,FALSE
60966,FALSE,TRUE,TRUE
60967,FALSE,FALSE,FALSE
60968,FALSE,FALSE,FALSE
60969,TRUE,TRUE,TRUE
60970,FALSE,FALSE,FALSE
60971,FALSE,FALSE,FALSE
60972,FALSE,FALSE,FALSE
60975,FALSE,FALSE,FALSE
60978,FALSE,TRUE,TRUE
60979,FALSE,TRUE,TRUE
60980,FALSE,FALSE,FALSE
60983,FALSE,FALSE,FALSE
60984,TRUE,FALSE,TRUE
60986,TRUE,TRUE,TRUE
60988,FALSE,FALSE,FALSE
60989,FALSE,FALSE,FALSE
60990,FALSE,FALSE,FALSE
60991,TRUE,TRUE,TRUE
60994,FALSE,FALSE,FALSE
60995,FALSE,FALSE,FALSE
60996,FALSE,FALSE,FALSE
60998,FALSE,FALSE,FALSE
61000,TRUE,FALSE,TRUE
61002,FALSE,TRUE,TRUE
61003,FALSE,FALSE,FALSE
61005,FALSE,FALSE,FALSE
61006,FALSE,FALSE,FALSE
61010,FALSE,FALSE,FALSE
61011,FALSE,FALSE,FALSE
61014,TRUE,TRUE,TRUE
61015,FALSE,FALSE,FALSE
61020,FALSE,FALSE,FALSE
61022,TRUE,TRUE,TRUE
61023,FALSE,TRUE,TRUE
61024,FALSE,TRUE,TRUE
61025,FALSE,TRUE,TRUE
61026,FALSE,FALSE,FALSE
61029,FALSE,FALSE,FALSE
61033,FALSE,FALSE,FALSE
61035,FALSE,FALSE,FALSE
61037,TRUE,TRUE,TRUE
61039,FALSE,FALSE,FALSE
61040,FALSE,TRUE,TRUE
61041,FALSE,FALSE,FALSE
61043,FALSE,TRUE,TRUE
61044,FALSE,FALSE,FALSE
61045,FALSE,TRUE,TRUE
61047,FALSE,FALSE,FALSE
61053,FALSE,FALSE,FALSE
61054,FALSE,TRUE,TRUE
61055,TRUE,FALSE,TRUE
61056,FALSE,FALSE,FALSE
61057,FALSE,TRUE,TRUE
61058,FALSE,FALSE,FALSE
61060,FALSE,FALSE,FALSE
61061,FALSE,TRUE,TRUE
61062,TRUE,FALSE,TRUE
61063,FALSE,TRUE,TRUE
61064,FALSE,TRUE,TRUE
61065,FALSE,TRUE,TRUE
61066,FALSE,TRUE,TRUE
61067,FALSE,FALSE,FALSE
61068,FALSE,FALSE,FALSE
61071,FALSE,FALSE,FALSE
61073,TRUE,TRUE,TRUE
61074,FALSE,TRUE,TRUE
61080,FALSE,FALSE,FALSE
61083,FALSE,TRUE,TRUE
61084,FALSE,FALSE,FALSE
61085,FALSE,FALSE,FALSE
61086,FALSE,FALSE,FALSE
61089,FALSE,FALSE,FALSE
61095,TRUE,FALSE,TRUE
61096,TRUE,FALSE,TRUE
61100,FALSE,TRUE,TRUE
61101,FALSE,TRUE,TRUE
61103,FALSE,FALSE,FALSE
61104,TRUE,FALSE,TRUE
61106,FALSE,TRUE,TRUE
61109,TRUE,TRUE,TRUE
61110,FALSE,TRUE,TRUE
61111,FALSE,FALSE,FALSE
61112,TRUE,FALSE,TRUE
61115,FALSE,FALSE,FALSE
61116,FALSE,FALSE,FALSE
61117,TRUE,TRUE,TRUE
61118,FALSE,FALSE,FALSE
61119,TRUE,TRUE,TRUE
61120,FALSE,TRUE,TRUE
61121,FALSE,TRUE,TRUE
61122,FALSE,FALSE,FALSE
61123,TRUE,FALSE,TRUE
61128,TRUE,FALSE,TRUE
61129,TRUE,TRUE,TRUE
61130,FALSE,FALSE,FALSE
61133,FALSE,FALSE,FALSE
61134,FALSE,TRUE,TRUE
61135,FALSE,FALSE,FALSE
61136,FALSE,FALSE,FALSE
61137,FALSE,FALSE,FALSE
61142,FALSE,TRUE,TRUE
61144,FALSE,FALSE,FALSE
61145,TRUE,TRUE,TRUE
61146,FALSE,FALSE,FALSE
61148,FALSE,TRUE,TRUE
61151,FALSE,TRUE,TRUE
61152,TRUE,TRUE,TRUE
61156,TRUE,TRUE,TRUE
61158,FALSE,TRUE,TRUE
61159,FALSE,FALSE,FALSE
61160,FALSE,TRUE,TRUE
61162,FALSE,FALSE,FALSE
61163,FALSE,FALSE,FALSE
61164,FALSE,TRUE,TRUE
61166,FALSE,FALSE,FALSE
61167,FALSE,FALSE,FALSE
61168,FALSE,FALSE,FALSE
61170,FALSE,FALSE,FALSE
61171,FALSE,FALSE,FALSE
61175,FALSE,FALSE,FALSE
61176,FALSE,FALSE,FALSE
61179,TRUE,FALSE,TRUE
61180,FALSE,TRUE,TRUE
61181,FALSE,FALSE,FALSE
61186,TRUE,TRUE,TRUE
61190,FALSE,FALSE,FALSE
61191,FALSE,TRUE,TRUE
61192,TRUE,TRUE,TRUE
61198,FALSE,FALSE,FALSE
61200,TRUE,FALSE,TRUE
61206,FALSE,TRUE,TRUE
61208,FALSE,FALSE,FALSE
61210,FALSE,FALSE,FALSE
61212,TRUE,FALSE,TRUE
61214,FALSE,FALSE,FALSE
61215,FALSE,TRUE,TRUE
61216,FALSE,FALSE,FALSE
61217,FALSE,TRUE,TRUE
61218,FALSE,FALSE,FALSE
61219,FALSE,FALSE,FALSE
61220,TRUE,FALSE,TRUE
61224,FALSE,FALSE,FALSE
61227,FALSE,TRUE,TRUE
61235,FALSE,TRUE,TRUE
61240,FALSE,TRUE,TRUE
61242,FALSE,TRUE,TRUE
61243,FALSE,TRUE,TRUE
61246,FALSE,FALSE,FALSE
61247,TRUE,TRUE,TRUE
61249,TRUE,TRUE,TRUE
61253,FALSE,TRUE,TRUE
61254,FALSE,TRUE,TRUE
61255,TRUE,TRUE,TRUE
61256,FALSE,TRUE,TRUE
61257,FALSE,FALSE,FALSE
61260,FALSE,FALSE,FALSE
61261,FALSE,FALSE,FALSE
61262,FALSE,TRUE,TRUE
61264,TRUE,TRUE,TRUE
61265,FALSE,TRUE,TRUE
61269,FALSE,FALSE,FALSE
61271,TRUE,TRUE,TRUE
61274,FALSE,TRUE,TRUE
61275,FALSE,TRUE,TRUE
61278,TRUE,TRUE,TRUE
61279,FALSE,FALSE,FALSE
61282,FALSE,FALSE,FALSE
61283,TRUE,TRUE,TRUE
61285,FALSE,FALSE,FALSE
61286,FALSE,FALSE,FALSE
61290,TRUE,TRUE,TRUE
61295,TRUE,FALSE,TRUE
61296,TRUE,FALSE,TRUE
61297,FALSE,TRUE,TRUE
61301,FALSE,TRUE,TRUE
61303,FALSE,TRUE,TRUE
61308,TRUE,TRUE,TRUE
61309,TRUE,TRUE,TRUE
61311,FALSE,FALSE,FALSE
61312,FALSE,FALSE,FALSE
61315,FALSE,FALSE,FALSE
61320,FALSE,FALSE,FALSE
61321,FALSE,TRUE,TRUE
61325,FALSE,FALSE,FALSE
61328,FALSE,TRUE,TRUE
61330,FALSE,FALSE,FALSE
61331,FALSE,TRUE,TRUE
61338,FALSE,TRUE,TRUE
61342,FALSE,FALSE,FALSE
61343,TRUE,TRUE,TRUE
61345,FALSE,FALSE,FALSE
61346,FALSE,FALSE,FALSE
61347,FALSE,TRUE,TRUE
61348,FALSE,FALSE,FALSE
61349,FALSE,TRUE,TRUE
61350,FALSE,TRUE,TRUE
61351,FALSE,FALSE,FALSE
61352,TRUE,TRUE,TRUE
61359,FALSE,TRUE,TRUE
61360,TRUE,TRUE,TRUE
61361,FALSE,FALSE,FALSE
61362,TRUE,TRUE,TRUE
61363,FALSE,FALSE,FALSE
61370,TRUE,TRUE,TRUE
61374,FALSE,TRUE,TRUE
61375,FALSE,FALSE,FALSE
61381,FALSE,FALSE,FALSE
61385,TRUE,FALSE,TRUE
61386,FALSE,FALSE,FALSE
61388,FALSE,FALSE,FALSE
61391,TRUE,TRUE,TRUE
61392,FALSE,FALSE,FALSE
61395,TRUE,TRUE,TRUE
61396,FALSE,FALSE,FALSE
61398,FALSE,TRUE,TRUE
61399,FALSE,TRUE,TRUE
61400,FALSE,TRUE,TRUE
61401,TRUE,TRUE,TRUE
61402,FALSE,FALSE,FALSE
61403,TRUE,TRUE,TRUE
61404,FALSE,FALSE,FALSE
61405,FALSE,FALSE,FALSE
61407,FALSE,TRUE,TRUE
61408,FALSE,TRUE,TRUE
61409,FALSE,FALSE,FALSE
61410,FALSE,FALSE,FALSE
61412,TRUE,FALSE,TRUE
61413,TRUE,TRUE,TRUE
61414,TRUE,TRUE,TRUE
61415,FALSE,FALSE,FALSE
61416,TRUE,TRUE,TRUE
61417,TRUE,TRUE,TRUE
61420,TRUE,TRUE,TRUE
61421,FALSE,FALSE,FALSE
61422,FALSE,FALSE,FALSE
61423,FALSE,TRUE,TRUE
61427,FALSE,FALSE,FALSE
61428,FALSE,FALSE,FALSE
61429,TRUE,TRUE,TRUE
61431,FALSE,FALSE,FALSE
61438,FALSE,FALSE,FALSE
61439,TRUE,FALSE,TRUE
61441,FALSE,FALSE,FALSE
61442,FALSE,FALSE,FALSE
61443,FALSE,FALSE,FALSE
61444,TRUE,TRUE,TRUE
61445,FALSE,FALSE,FALSE
61447,FALSE,FALSE,FALSE
61448,FALSE,FALSE,FALSE
61450,FALSE,TRUE,TRUE
61451,FALSE,FALSE,FALSE
61452,FALSE,TRUE,TRUE
61454,FALSE,FALSE,FALSE
61455,FALSE,FALSE,FALSE
61456,FALSE,TRUE,TRUE
61457,FALSE,TRUE,TRUE
61461,FALSE,FALSE,FALSE
61465,FALSE,TRUE,TRUE
61469,FALSE,FALSE,FALSE
61472,FALSE,FALSE,FALSE
61473,FALSE,TRUE,TRUE
61474,FALSE,TRUE,TRUE
61475,TRUE,TRUE,TRUE
61476,TRUE,TRUE,TRUE
61478,TRUE,TRUE,TRUE
61479,FALSE,TRUE,TRUE
61480,FALSE,FALSE,FALSE
61481,FALSE,FALSE,FALSE
61482,TRUE,FALSE,TRUE
61483,FALSE,TRUE,TRUE
61484,FALSE,FALSE,FALSE
61485,FALSE,FALSE,FALSE
61486,FALSE,TRUE,TRUE
61487,TRUE,TRUE,TRUE
61489,FALSE,FALSE,FALSE
61490,TRUE,TRUE,TRUE
61492,FALSE,TRUE,TRUE
61493,FALSE,TRUE,TRUE
61495,FALSE,FALSE,FALSE
61496,FALSE,FALSE,FALSE
61497,FALSE,TRUE,TRUE
61499,FALSE,FALSE,FALSE
61500,FALSE,TRUE,TRUE
61501,FALSE,FALSE,FALSE
61503,FALSE,TRUE,TRUE
61506,FALSE,FALSE,FALSE
61511,FALSE,FALSE,FALSE
61512,FALSE,FALSE,FALSE
61513,FALSE,FALSE,FALSE
61515,FALSE,FALSE,FALSE
61516,FALSE,TRUE,TRUE
61517,FALSE,FALSE,FALSE
61521,FALSE,FALSE,FALSE
61522,FALSE,TRUE,TRUE
61523,FALSE,FALSE,FALSE
61524,FALSE,FALSE,FALSE
61527,FALSE,TRUE,TRUE
61528,FALSE,TRUE,TRUE
61529,TRUE,TRUE,TRUE
61530,TRUE,TRUE,TRUE
61533,FALSE,FALSE,FALSE
61534,FALSE,FALSE,FALSE
61535,FALSE,TRUE,TRUE
61538,FALSE,FALSE,FALSE
61539,TRUE,TRUE,TRUE
61540,FALSE,FALSE,FALSE
61542,FALSE,TRUE,TRUE
61544,FALSE,FALSE,FALSE
61546,TRUE,TRUE,TRUE
61547,FALSE,FALSE,FALSE
61548,FALSE,FALSE,FALSE
61549,FALSE,FALSE,FALSE
61551,FALSE,FALSE,FALSE
61554,FALSE,FALSE,FALSE
61555,FALSE,TRUE,TRUE
61556,FALSE,TRUE,TRUE
61557,FALSE,TRUE,TRUE
61560,FALSE,TRUE,TRUE
61561,FALSE,TRUE,TRUE
61562,FALSE,FALSE,FALSE
61563,FALSE,FALSE,FALSE
61565,FALSE,FALSE,FALSE
61566,FALSE,FALSE,FALSE
61569,FALSE,TRUE,TRUE
61571,FALSE,FALSE,FALSE
61572,FALSE,TRUE,TRUE
61573,FALSE,FALSE,FALSE
61575,FALSE,TRUE,TRUE
61584,FALSE,FALSE,FALSE
61587,FALSE,TRUE,TRUE
61588,FALSE,TRUE,TRUE
61589,FALSE,FALSE,FALSE
61590,FALSE,FALSE,FALSE
61594,FALSE,TRUE,TRUE
61600,FALSE,TRUE,TRUE
61602,TRUE,FALSE,TRUE
61606,FALSE,TRUE,TRUE
61608,TRUE,FALSE,TRUE
61609,FALSE,FALSE,FALSE
61610,TRUE,FALSE,TRUE
61611,FALSE,TRUE,TRUE
61612,FALSE,TRUE,TRUE
61613,FALSE,FALSE,FALSE
61616,FALSE,TRUE,TRUE
61618,FALSE,TRUE,TRUE
61622,FALSE,TRUE,TRUE
61626,TRUE,TRUE,TRUE
61627,FALSE,FALSE,FALSE
61629,FALSE,TRUE,TRUE
61631,TRUE,FALSE,TRUE
61634,FALSE,FALSE,FALSE
61635,TRUE,TRUE,TRUE
61637,FALSE,FALSE,FALSE
61638,TRUE,TRUE,TRUE
61639,FALSE,FALSE,FALSE
61640,FALSE,FALSE,FALSE
61643,FALSE,TRUE,TRUE
61649,FALSE,TRUE,TRUE
61650,FALSE,FALSE,FALSE
61651,FALSE,FALSE,FALSE
61653,FALSE,FALSE,FALSE
61654,FALSE,TRUE,TRUE
61655,FALSE,FALSE,FALSE
61656,FALSE,TRUE,TRUE
61657,FALSE,FALSE,FALSE
61658,FALSE,FALSE,FALSE
61659,FALSE,TRUE,TRUE
61660,FALSE,TRUE,TRUE
61661,TRUE,TRUE,TRUE
61662,TRUE,TRUE,TRUE
61665,TRUE,TRUE,TRUE
61666,TRUE,FALSE,TRUE
61668,FALSE,FALSE,FALSE
61669,FALSE,TRUE,TRUE
61671,TRUE,FALSE,TRUE
61674,TRUE,TRUE,TRUE
61675,FALSE,TRUE,TRUE
61676,FALSE,TRUE,TRUE
61677,FALSE,FALSE,FALSE
61678,FALSE,TRUE,TRUE
61679,FALSE,FALSE,FALSE
61680,FALSE,FALSE,FALSE
61681,FALSE,TRUE,TRUE
61682,FALSE,FALSE,FALSE
61684,FALSE,FALSE,FALSE
61685,FALSE,FALSE,FALSE
61686,FALSE,FALSE,FALSE
61687,TRUE,TRUE,TRUE
61688,FALSE,TRUE,TRUE
61689,FALSE,FALSE,FALSE
61693,FALSE,FALSE,FALSE
61697,FALSE,FALSE,FALSE
61701,TRUE,TRUE,TRUE
61702,FALSE,FALSE,FALSE
61703,FALSE,FALSE,FALSE
61708,FALSE,TRUE,TRUE
61709,TRUE,TRUE,TRUE
61710,FALSE,FALSE,FALSE
61711,TRUE,TRUE,TRUE
61714,FALSE,TRUE,TRUE
61715,FALSE,TRUE,TRUE
61716,FALSE,FALSE,FALSE
61718,FALSE,TRUE,TRUE
61719,FALSE,FALSE,FALSE
61722,FALSE,FALSE,FALSE
61723,FALSE,FALSE,FALSE
61724,TRUE,TRUE,TRUE
61726,TRUE,TRUE,TRUE
61728,TRUE,TRUE,TRUE
61730,FALSE,TRUE,TRUE
61731,FALSE,TRUE,TRUE
61732,FALSE,TRUE,TRUE
61738,FALSE,FALSE,FALSE
61739,TRUE,TRUE,TRUE
61740,FALSE,FALSE,FALSE
61745,FALSE,TRUE,TRUE
61746,TRUE,FALSE,TRUE
61747,FALSE,FALSE,FALSE
61748,FALSE,FALSE,FALSE
61749,TRUE,TRUE,TRUE
61750,FALSE,FALSE,FALSE
61752,FALSE,FALSE,FALSE
61753,TRUE,TRUE,TRUE
61765,TRUE,TRUE,TRUE
61768,FALSE,FALSE,FALSE
61778,FALSE,FALSE,FALSE
61779,TRUE,TRUE,TRUE
61780,TRUE,TRUE,TRUE
61781,FALSE,FALSE,FALSE
61782,FALSE,FALSE,FALSE
61789,FALSE,TRUE,TRUE
61790,FALSE,TRUE,TRUE
61792,FALSE,TRUE,TRUE
61794,FALSE,FALSE,FALSE
61795,FALSE,FALSE,FALSE
61797,FALSE,FALSE,FALSE
61800,FALSE,FALSE,FALSE
61813,FALSE,FALSE,FALSE
61814,TRUE,TRUE,TRUE
61816,FALSE,FALSE,FALSE
61817,FALSE,FALSE,FALSE
61818,FALSE,FALSE,FALSE
61819,FALSE,FALSE,FALSE
61825,FALSE,FALSE,FALSE
61828,TRUE,TRUE,TRUE
61830,FALSE,FALSE,FALSE
61831,FALSE,TRUE,TRUE
61839,FALSE,TRUE,TRUE
61840,TRUE,FALSE,TRUE
61842,TRUE,TRUE,TRUE
61843,FALSE,FALSE,FALSE
61844,FALSE,FALSE,FALSE
61848,FALSE,FALSE,FALSE
61849,FALSE,FALSE,FALSE
61858,FALSE,FALSE,FALSE
61859,TRUE,FALSE,TRUE
61860,FALSE,FALSE,FALSE
61865,FALSE,TRUE,TRUE
61867,FALSE,FALSE,FALSE
61869,FALSE,TRUE,TRUE
61870,TRUE,FALSE,TRUE
61871,TRUE,TRUE,TRUE
61873,FALSE,TRUE,TRUE
61877,FALSE,TRUE,TRUE
61879,FALSE,FALSE,FALSE
61881,FALSE,TRUE,TRUE
61882,FALSE,FALSE,FALSE
61887,FALSE,FALSE,FALSE
61888,FALSE,FALSE,FALSE
61889,FALSE,TRUE,TRUE
61890,FALSE,FALSE,FALSE
61891,FALSE,FALSE,FALSE
61892,FALSE,TRUE,TRUE
61893,FALSE,FALSE,FALSE
61894,FALSE,FALSE,FALSE
61896,FALSE,TRUE,TRUE
61897,FALSE,TRUE,TRUE
61900,FALSE,FALSE,FALSE
61902,FALSE,FALSE,FALSE
61903,FALSE,TRUE,TRUE
61905,TRUE,TRUE,TRUE
61906,FALSE,FALSE,FALSE
61908,TRUE,TRUE,TRUE
61910,FALSE,FALSE,FALSE
61911,FALSE,TRUE,TRUE
61912,FALSE,FALSE,FALSE
61913,TRUE,TRUE,TRUE
61914,TRUE,TRUE,TRUE
61916,FALSE,FALSE,FALSE
61919,FALSE,FALSE,FALSE
61922,TRUE,TRUE,TRUE
61923,FALSE,TRUE,TRUE
61924,FALSE,FALSE,FALSE
61925,FALSE,FALSE,FALSE
61926,TRUE,TRUE,TRUE
61927,TRUE,TRUE,TRUE
61929,FALSE,FALSE,FALSE
61930,FALSE,FALSE,FALSE
61931,FALSE,FALSE,FALSE
61932,FALSE,FALSE,FALSE
61933,FALSE,TRUE,TRUE
61934,TRUE,FALSE,TRUE
61935,FALSE,FALSE,FALSE
61936,FALSE,TRUE,TRUE
61937,FALSE,FALSE,FALSE
61943,FALSE,FALSE,FALSE
61944,FALSE,TRUE,TRUE
61945,FALSE,FALSE,FALSE
61946,FALSE,TRUE,TRUE
61950,FALSE,FALSE,FALSE
61951,TRUE,TRUE,TRUE
61952,FALSE,TRUE,TRUE
61953,FALSE,FALSE,FALSE
61954,TRUE,TRUE,TRUE
61955,FALSE,FALSE,FALSE
61959,TRUE,TRUE,TRUE
61960,FALSE,FALSE,FALSE
61963,FALSE,TRUE,TRUE
61966,FALSE,FALSE,FALSE
61967,FALSE,FALSE,FALSE
61968,FALSE,FALSE,FALSE
61969,FALSE,FALSE,FALSE
61973,FALSE,TRUE,TRUE
61979,FALSE,FALSE,FALSE
61980,FALSE,FALSE,FALSE
61981,FALSE,FALSE,FALSE
61983,FALSE,TRUE,TRUE
61985,TRUE,TRUE,TRUE
61986,FALSE,TRUE,TRUE
61987,FALSE,FALSE,FALSE
61988,FALSE,FALSE,FALSE
61990,FALSE,FALSE,FALSE
61991,FALSE,FALSE,FALSE
61992,FALSE,FALSE,FALSE
61993,FALSE,FALSE,FALSE
61994,FALSE,TRUE,TRUE
61995,TRUE,TRUE,TRUE
61996,FALSE,FALSE,FALSE
61997,FALSE,TRUE,TRUE
61998,FALSE,FALSE,FALSE
61999,FALSE,TRUE,TRUE
62007,FALSE,FALSE,FALSE
62008,FALSE,TRUE,TRUE
62014,TRUE,TRUE,TRUE
62016,FALSE,TRUE,TRUE
62030,FALSE,FALSE,FALSE
62031,FALSE,FALSE,FALSE
62032,FALSE,FALSE,FALSE
62033,FALSE,FALSE,FALSE
62034,TRUE,TRUE,TRUE
62035,FALSE,TRUE,TRUE
62040,FALSE,TRUE,TRUE
62041,FALSE,FALSE,FALSE
62042,FALSE,FALSE,FALSE
62043,FALSE,FALSE,FALSE
62044,FALSE,FALSE,FALSE
62047,FALSE,FALSE,FALSE
62048,TRUE,FALSE,TRUE
62049,TRUE,TRUE,TRUE
62051,FALSE,FALSE,FALSE
62054,FALSE,TRUE,TRUE
62058,FALSE,FALSE,FALSE
62060,FALSE,FALSE,FALSE
62061,TRUE,FALSE,TRUE
62064,FALSE,TRUE,TRUE
62065,TRUE,TRUE,TRUE
62067,FALSE,FALSE,FALSE
62069,FALSE,FALSE,FALSE
62070,FALSE,FALSE,FALSE
62071,TRUE,TRUE,TRUE
62072,TRUE,TRUE,TRUE
62075,FALSE,TRUE,TRUE
62077,FALSE,FALSE,FALSE
62078,FALSE,TRUE,TRUE
62080,FALSE,FALSE,FALSE
62081,FALSE,FALSE,FALSE
62084,FALSE,TRUE,TRUE
62085,FALSE,TRUE,TRUE
62087,TRUE,FALSE,TRUE
62088,FALSE,FALSE,FALSE
62089,FALSE,TRUE,TRUE
62090,TRUE,TRUE,TRUE
62091,FALSE,FALSE,FALSE
62092,TRUE,FALSE,TRUE
62093,FALSE,TRUE,TRUE
62094,FALSE,TRUE,TRUE
62095,FALSE,FALSE,FALSE
62096,FALSE,FALSE,FALSE
62097,FALSE,FALSE,FALSE
62098,FALSE,FALSE,FALSE
62099,FALSE,FALSE,FALSE
62101,FALSE,TRUE,TRUE
62110,FALSE,FALSE,FALSE
62112,TRUE,FALSE,TRUE
62113,FALSE,FALSE,FALSE
62114,FALSE,TRUE,TRUE
62115,FALSE,TRUE,TRUE
62117,FALSE,FALSE,FALSE
62119,FALSE,FALSE,FALSE
62121,TRUE,FALSE,TRUE
62122,FALSE,FALSE,FALSE
62123,FALSE,TRUE,TRUE
62124,TRUE,TRUE,TRUE
62125,FALSE,FALSE,FALSE
62126,FALSE,TRUE,TRUE
62127,FALSE,FALSE,FALSE
62132,FALSE,TRUE,TRUE
62133,FALSE,FALSE,FALSE
62134,FALSE,FALSE,FALSE
62135,FALSE,TRUE,TRUE
62136,FALSE,TRUE,TRUE
62137,TRUE,FALSE,TRUE
62138,TRUE,TRUE,TRUE
62144,FALSE,FALSE,FALSE
62146,FALSE,TRUE,TRUE
62147,FALSE,FALSE,FALSE
62148,FALSE,FALSE,FALSE
62149,FALSE,TRUE,TRUE
62150,TRUE,TRUE,TRUE
62153,FALSE,FALSE,FALSE
62156,FALSE,TRUE,TRUE
62158,FALSE,FALSE,FALSE
62163,TRUE,TRUE,TRUE
62165,TRUE,FALSE,TRUE
62166,FALSE,TRUE,TRUE
62168,FALSE,FALSE,FALSE
62169,FALSE,FALSE,FALSE
62173,FALSE,FALSE,FALSE
62177,FALSE,FALSE,FALSE
62178,FALSE,FALSE,FALSE
62179,FALSE,FALSE,FALSE
62181,FALSE,TRUE,TRUE
62184,FALSE,TRUE,TRUE
62186,FALSE,FALSE,FALSE
62188,FALSE,FALSE,FALSE
62189,FALSE,FALSE,FALSE
62196,FALSE,TRUE,TRUE
62197,FALSE,FALSE,FALSE
62198,FALSE,FALSE,FALSE
62199,TRUE,TRUE,TRUE
62202,FALSE,FALSE,FALSE
62204,FALSE,TRUE,TRUE
62205,FALSE,TRUE,TRUE
62208,FALSE,FALSE,FALSE
62209,TRUE,TRUE,TRUE
62211,TRUE,TRUE,TRUE
62212,TRUE,TRUE,TRUE
62213,FALSE,FALSE,FALSE
62214,FALSE,FALSE,FALSE
62219,FALSE,FALSE,FALSE
62220,FALSE,TRUE,TRUE
62221,FALSE,FALSE,FALSE
62222,FALSE,TRUE,TRUE
62228,FALSE,FALSE,FALSE
62230,FALSE,FALSE,FALSE
62232,TRUE,FALSE,TRUE
62235,FALSE,FALSE,FALSE
62237,FALSE,FALSE,FALSE
62244,FALSE,FALSE,FALSE
62248,FALSE,FALSE,FALSE
62249,FALSE,FALSE,FALSE
62250,TRUE,TRUE,TRUE
62251,FALSE,TRUE,TRUE
62252,FALSE,FALSE,FALSE
62253,FALSE,FALSE,FALSE
62254,FALSE,FALSE,FALSE
62255,TRUE,TRUE,TRUE
62258,TRUE,TRUE,TRUE
62262,FALSE,TRUE,TRUE
62263,FALSE,TRUE,TRUE
62269,TRUE,FALSE,TRUE
62271,FALSE,TRUE,TRUE
62274,FALSE,FALSE,FALSE
62275,FALSE,TRUE,TRUE
62276,FALSE,FALSE,FALSE
62277,FALSE,TRUE,TRUE
62279,TRUE,TRUE,TRUE
62280,FALSE,FALSE,FALSE
62282,FALSE,FALSE,FALSE
62283,TRUE,FALSE,TRUE
62284,FALSE,FALSE,FALSE
62285,FALSE,FALSE,FALSE
62286,FALSE,TRUE,TRUE
62287,TRUE,TRUE,TRUE
62288,FALSE,TRUE,TRUE
62289,FALSE,FALSE,FALSE
62290,FALSE,TRUE,TRUE
62291,FALSE,FALSE,FALSE
62292,FALSE,FALSE,FALSE
62293,FALSE,FALSE,FALSE
62294,FALSE,FALSE,FALSE
62295,FALSE,FALSE,FALSE
62296,FALSE,TRUE,TRUE
62299,FALSE,FALSE,FALSE
62301,FALSE,FALSE,FALSE
62304,FALSE,FALSE,FALSE
62305,FALSE,TRUE,TRUE
62306,FALSE,FALSE,FALSE
62307,FALSE,FALSE,FALSE
62313,FALSE,FALSE,FALSE
62314,FALSE,FALSE,FALSE
62320,FALSE,FALSE,FALSE
62321,FALSE,FALSE,FALSE
62323,FALSE,FALSE,FALSE
62327,FALSE,FALSE,FALSE
62331,FALSE,TRUE,TRUE
62334,FALSE,TRUE,TRUE
62335,FALSE,FALSE,FALSE
62336,FALSE,FALSE,FALSE
62337,FALSE,FALSE,FALSE
62339,FALSE,FALSE,FALSE
62349,FALSE,FALSE,FALSE
62351,FALSE,TRUE,TRUE
62355,FALSE,FALSE,FALSE
62365,FALSE,TRUE,TRUE
62380,FALSE,FALSE,FALSE
62381,FALSE,FALSE,FALSE
62390,FALSE,FALSE,FALSE
62392,FALSE,TRUE,TRUE
62394,FALSE,FALSE,FALSE
62403,FALSE,FALSE,FALSE
62409,FALSE,FALSE,FALSE
62456,FALSE,TRUE,TRUE
62465,FALSE,FALSE,FALSE
